Price,Close,High,Low,Open,Volume
Ticker,NTPC.NS,NTPC.NS,NTPC.NS,NTPC.NS,NTPC.NS
Date,,,,,
2023-12-11,273.2840270996094,274.4254965825197,270.52550971614664,272.09500848356726,8071675
2023-12-12,269.5743103027344,274.52063964100626,267.14872379823703,273.42674825718933,8640883
2023-12-13,279.7047424316406,280.513280939102,270.62065133574737,270.85845507154323,23629670
2023-12-14,280.9889221191406,283.9376946025106,279.27674662752185,283.2242833095395,24900443
2023-12-15,290.21563720703125,292.0229394958768,280.6083620562986,283.46200641619316,28843558
2023-12-18,288.4083557128906,291.5949022548441,287.0290825613185,291.07174569598493,13307504
2023-12-19,294.5436706542969,297.25463876559377,287.74249032509476,290.1205274352195,15650536
2023-12-20,283.1291198730469,298.0632059786181,280.75108253322827,297.2546674773246,23497233
2023-12-21,287.2193908691406,288.3608314916452,278.89625932913646,281.3693951922859,17868637
2023-12-22,288.02789306640625,293.87788859381857,284.98402245537295,289.1693626885302,15207726
2023-12-26,294.49615478515625,295.5424970375438,289.740080027737,291.4998334937374,9917180
2023-12-27,291.1192932128906,297.01683689403336,288.7412560880385,296.39855304732646,12630732
2023-12-28,298.58636474609375,300.10831446036434,292.73639865349327,294.0205446320583,37591916
2023-12-29,295.97052001953125,299.01441941070067,293.1168752261009,299.01441941070067,12682889
2024-01-01,294.63885498046875,298.01565671901585,292.7839740639954,296.7790887938862,8024960
2024-01-02,291.0718078613281,295.6376285299939,287.3144967692533,295.6376285299939,13506040
2024-01-03,291.26202392578125,292.9741991926696,288.5034773986736,292.213238858225,14259987
2024-01-04,301.6302185058594,306.0533615145341,293.5448927160426,295.7326751417784,40057506
2024-01-05,299.58514404296875,309.76312604471184,297.44491052028013,307.1472850725369,27456415
2024-01-08,301.0119934082031,302.8192960727074,297.3498099127106,301.0119934082031,10136462
2024-01-09,304.1510314941406,305.7681087930341,300.63152397479905,302.34372859047124,12229517
2024-01-10,298.0632019042969,304.1509716052616,292.9741962608931,304.05584430721393,14455000
2024-01-11,297.6351318359375,301.82047152594305,297.11197526047727,299.5851397682724,10316319
2024-01-12,297.3973693847656,299.9180833751234,294.5913025006989,299.8229850964061,12341629
2024-01-15,301.82049560546875,302.48635768988174,294.4961578208101,299.5375855041307,9706124
2024-01-16,296.3034362792969,301.7729218606964,295.0192903805177,301.7729218606964,10162832
2024-01-17,294.2107238769531,298.7765723008266,292.1180687495197,294.63878214533156,13502940
2024-01-18,284.6986083984375,296.11318721607654,282.0827674193952,293.87785542064233,32481018
2024-01-19,293.4022521972656,294.3534671124407,286.9815515198338,288.97907961868106,28651237
2024-01-23,287.8376159667969,299.9180269997816,285.6498044207478,298.158302771386,21652362
2024-01-24,293.7827453613281,295.54249883804937,283.699861008417,288.17058291913827,23922028
2024-01-25,299.3948974609375,301.7253856372748,294.11566624192136,294.8766265699464,32525422
2024-01-29,308.7168273925781,309.8582970438522,300.7266269199967,302.29612591891424,24694773
2024-01-30,300.0607604980469,308.1460873819764,299.1570947053915,306.14853022842686,20918448
2024-01-31,302.0107727050781,304.38881028543307,297.34982485333825,303.00953687731555,20931224
2024-02-01,306.29119873046875,310.9997241112826,301.63025151206443,304.4363180583239,24020951
2024-02-02,316.2789611816406,317.42043069816737,307.3375467314336,308.1936343544408,32346639
2024-02-05,319.70330810546875,324.4118040663176,316.8020854754288,321.5106104650503,19651482
2024-02-06,321.0,322.72889305936064,316.00537445395724,322.72889305936064,12024661
2024-02-07,317.6382751464844,324.5538774461674,316.629729658964,324.5538774461674,8080437
2024-02-08,317.830322265625,322.00851467190927,315.04487043217375,320.75987294691157,17754869
2024-02-09,312.0673522949219,321.76843638878887,306.97669920530035,319.7994173835362,18304439
2024-02-12,303.6629333496094,313.79625477589957,302.0781097016942,313.26796068511635,11714289
2024-02-13,308.8496398925781,311.15486988529034,303.4228053518535,305.9681317139048,15426888
2024-02-14,315.0448913574219,316.3415758885619,305.77604599547766,308.2253162003514,14085723
2024-02-15,325.8505554199219,327.43537908273373,317.1099746000096,317.92640779364524,21973316
2024-02-16,324.4097900390625,329.4044158518932,323.4973007404169,328.3958704198823,20307449
2024-02-19,325.3703308105469,328.3959088360829,324.1697022835707,326.9551546037115,8496898
2024-02-20,332.04583740234375,332.8142279353151,324.45784165620705,327.1472671460466,19340526
2024-02-21,322.8249206542969,334.30290881455255,321.480222914512,333.29439283776696,17751633
2024-02-22,326.138671875,326.8110354730121,317.54219051307587,325.61040712814435,16083122
2024-02-23,324.4097900390625,326.5709211348076,321.62433804476774,326.5709211348076,9665454
2024-02-26,324.2657165527344,325.1301631180793,321.3361657379006,324.6499117693081,7711995
2024-02-27,322.8249206542969,324.64986968059145,320.90391550825785,322.8249206542969,8882923
2024-02-28,320.13555908203125,323.209179647549,318.69480493798574,322.4407891622786,12977628
2024-02-29,322.3447265625,322.7289217974344,317.54221284527625,320.13555266524656,13149469
2024-03-01,329.93267822265625,330.74911138201145,321.7684052535367,322.34471273732953,13027254
2024-03-04,339.8739013671875,344.1481209848764,332.093823288866,334.25495445994324,38075510
2024-03-05,344.10009765625,345.73296399667225,339.58572317076494,340.88240769848653,15918221
2024-03-06,338.0489501953125,345.2527207267181,331.3734444446564,345.2527207267181,13120921
2024-03-07,338.2890930175781,339.9219301667533,335.88783605212745,338.09698073545457,9172926
2024-03-11,334.2069396972656,339.2015363517986,333.0063112737408,338.3370897493042,10664917
2024-03-12,331.1333312988281,335.64770606100194,329.02021347138117,334.254965313973,9637912
2024-03-13,309.76214599609375,330.8932071183079,306.88063766124634,330.268886174868,23722232
2024-03-14,309.1378173828125,314.03638729296114,303.9991217840508,308.36939759192023,20859127
2024-03-15,303.8070373535156,313.1719400677567,293.6737440901738,309.9062362657475,43285007
2024-03-18,304.6234436035156,310.1463344577778,302.5103551248678,304.57543019053963,13690352
2024-03-19,301.069580078125,305.3437994637478,297.8518902023357,301.8859839153207,13388060
2024-03-20,301.26165771484375,304.91158546188507,296.1229625485955,303.51884486026665,10026655
2024-03-21,312.16339111328125,313.46007567727224,304.4793691781851,304.71949486365685,23370426
2024-03-22,311.9232482910156,314.3245050138102,308.46543274774825,311.68312261873615,14709219
2024-03-26,316.1014404296875,317.25402606776277,307.4569162391521,307.4569162391521,11208959
2024-03-27,318.502685546875,320.9039421789953,313.4120038994512,318.8868807455713,45209520
2024-03-28,322.53680419921875,326.57092737997584,317.25403919748385,318.7908494240683,19868037
2024-04-01,328.828125,330.7971439286311,322.87299617666724,325.61043489888016,8580656
2024-04-02,331.18133544921875,331.94975523416906,327.29131104865587,329.4524422294614,9745257
2024-04-03,337.3765869140625,340.1140255813603,328.49193658251784,330.7491238805429,21679943
2024-04-04,340.6422424316406,348.37430597629935,338.72123722485037,340.97842420527155,28962927
2024-04-05,340.5462646484375,344.0521234070913,337.6647561753872,342.32320073592916,11208130
2024-04-08,349.14276123046875,351.5440181852863,339.2976077157169,341.5547951156891,11447140
2024-04-09,348.5664367675781,352.4084477086641,346.1171665175228,350.5834983740917,10010148
2024-04-10,348.1822204589844,353.80116698262765,347.07764824273,349.71903060483265,12886638
2024-04-12,347.46185302734375,359.7082624982453,346.7414759996436,348.1822300550438,30924494
2024-04-15,346.8855895996094,351.54403416616793,338.8653851434837,341.4587544974664,18126999
2024-04-16,345.0606384277344,347.6540077691982,340.5943061727421,346.74151836440393,15328939
2024-04-18,337.2805480957031,346.98163211556476,335.4075852467013,345.34876565130986,22966560
2024-04-19,336.7042236328125,338.48115956346805,329.452439673915,329.5484958103159,12867942
2024-04-22,329.3563537597656,340.9784417202801,328.39585110703246,340.9784417202801,37382916
2024-04-23,333.43853759765625,334.8792917822743,330.41295967240217,332.3339652518929,14651106
2024-04-24,337.76080322265625,339.20155742037457,333.58261018682924,335.98386718302646,11132307
2024-04-25,345.0125732421875,346.35727112730626,335.3114903437624,337.1364395672961,19865014
2024-04-26,341.93896484375,347.12567361657705,340.97846213351477,346.4533393067423,10986589
2024-04-29,348.6624755859375,349.28679647041133,342.8514460510582,345.49282844186075,13652173
2024-04-30,348.8545837402344,351.0157147618052,345.1085998530725,350.5354634236784,14566548
2024-05-02,354.4735412597656,357.88334373558223,348.854623414431,348.854623414431,27892188
2024-05-03,350.5354919433594,365.3752419115168,346.1171734106734,357.595163738429,26844664
2024-05-06,342.7073669433594,354.2814425826864,340.4021662228326,353.2728971153064,15319437
2024-05-07,335.3595275878906,344.2922207046157,333.15038299905643,344.10010843070944,10028071
2024-05-08,341.4107360839844,344.3402579342695,331.56558226578,331.56558226578,9595776
2024-05-09,332.3819885253906,343.8600089281888,331.2294027308403,342.419254700836,9043486
2024-05-10,341.4587097167969,342.2751428739216,333.82270152988923,333.918757662295,11699095
2024-05-13,337.0404052734375,341.938975105083,332.8141990840204,341.4587237355534,10691781
2024-05-14,341.74688720703125,343.1396280028895,336.46412176541924,336.70424746731067,10891985
2024-05-15,347.0776672363281,349.1427422427206,342.563292681893,343.3797258645739,8538183
2024-05-16,347.1737060546875,349.47890662851916,339.10546007795324,349.47890662851916,13114162
2024-05-17,351.0157470703125,352.02426324831947,346.1171771080969,348.13423877632897,8509179
2024-05-21,357.3070068359375,359.32406838213205,350.91966969983514,352.5044933031964,10939593
2024-05-22,359.083984375,362.4457442380305,355.9623502164717,360.1885567532661,14001806
2024-05-23,357.59515380859375,360.7648303974294,354.90575789583954,360.2365363098483,15370357
2024-05-24,360.1405029296875,363.2140940151283,354.1373609906823,358.2675109198313,13317821
2024-05-27,355.0498352050781,365.4712958912268,353.4650115321195,364.94303110431315,21891930
2024-05-28,350.9676513671875,358.5076027940873,349.71900968649413,357.8832819537406,10200096
2024-05-29,350.1993408203125,351.88022078788316,345.7810219002541,347.2217761581718,18146672
2024-05-30,345.49285888671875,350.3913995751852,343.04355923026714,349.62300908230924,14425073
2024-05-31,344.82049560546875,352.1683359585734,341.45873589900873,349.0947446714267,30515612
2024-06-03,376.3249816894531,377.6697090462729,358.6997789290365,369.7935744372669,39261174
2024-06-04,318.1665344238281,376.42102007173986,301.54984865276884,376.42102007173986,84042244
2024-06-05,327.53143310546875,328.7320615259433,302.84650105562423,326.57093036908907,46418629
2024-06-06,335.935791015625,345.5408172062075,331.3734035750983,334.0627991835759,33171039
2024-06-07,346.3572998046875,347.70199780114336,333.966820110129,338.0969702375759,23930193
2024-06-10,350.4874267578125,355.48205248550875,347.5098625475403,350.5834828895405,16072588
2024-06-11,352.8887023925781,357.25900746646374,350.48744553183354,354.1853869598237,11235777
2024-06-12,356.6346435546875,359.2280125897137,350.9676834431219,354.953763816634,12134524
2024-06-13,355.3379821777344,361.5332069459147,353.41697679618096,361.5332069459147,11243702
2024-06-14,353.897216796875,356.2024173183994,351.640029683464,355.38598419496793,10298434
2024-06-18,355.0498352050781,357.54714821421595,354.13737518111657,357.11491025240105,10228382
2024-06-19,348.1822204589844,356.2504370844184,347.26973119082635,355.1938782771343,8337334
2024-06-20,343.5238037109375,350.48744866943605,342.9474961967561,348.1822479249284,14338604
2024-06-21,345.5888671875,348.6144742075181,342.65934561421335,345.73296604538035,17931844
2024-06-24,348.42236328125,350.2473125951936,341.506731940581,343.4757801129603,9335598
2024-06-25,346.597412109375,350.29535344099025,343.6198478172088,349.86311549243413,14983828
2024-06-26,350.63153076171875,352.40846678058006,345.4448215729978,348.6625117727382,15918394
2024-06-27,362.2535705566406,366.0475677696755,349.71902263080653,350.6314825659439,55378829
2024-06-28,363.4062194824219,374.11581922817913,361.8213958154007,363.0220242468133,25141039
2024-07-01,355.1458740234375,366.9120321215771,353.27288202986756,366.67190644610486,23389211
2024-07-02,355.7702331542969,357.88335105045036,350.7275934274127,357.88335105045036,13702830
2024-07-03,357.9313049316406,359.4681150266625,354.0892943501933,355.9142435139379,9207317
2024-07-04,358.219482421875,365.8074476507477,357.06686749324473,359.13194237084326,14916930
2024-07-05,364.7989501953125,366.19169097439783,356.346537315414,359.5642275444526,15946104
2024-07-08,362.5417785644531,366.1916773283468,361.29310738885516,365.8074820867082,8898299
2024-07-09,362.1575622558594,365.23118288338145,360.23655669171274,364.222666687092,8355819
2024-07-10,366.3357238769531,368.64092449425436,355.38599896061,363.83841099478667,17715196
2024-07-11,362.20556640625,368.1606654335364,359.80430970680817,367.29621888418046,19873143
2024-07-12,362.2535705566406,364.4147015309027,357.3069877446615,363.98249292337914,16151583
2024-07-15,370.4178466796875,373.5875230596758,362.01344836581836,363.64631462025613,22951140
2024-07-16,365.4232482910156,373.3954086347297,364.9910103696393,371.378347188665,11893034
2024-07-18,362.82989501953125,367.77647806337677,359.42012215852935,367.77647806337677,15709153
2024-07-19,350.2472839355469,363.07000011967676,348.56640430536316,362.829874458222,13330099
2024-07-22,358.7477722167969,362.3496574800177,348.03817256326363,350.3433732692815,18715538
2024-07-23,367.34423828125,370.41782907405087,347.269710098761,361.8213482232056,49882257
2024-07-24,377.0933837890625,379.3985845160838,366.6239097243533,368.92911045137464,36868466
2024-07-25,376.6611633300781,380.64724404712933,370.9942027301073,375.50857756912177,25973101
2024-07-26,380.647216796875,383.7208372304916,374.3079222848932,379.3505615726531,20381410
2024-07-29,378.3420104980469,392.17324361907924,377.14138211406464,388.04309370306686,27751449
2024-07-30,390.8765869140625,396.3994774591854,381.31957328935465,381.31957328935465,34447139
2024-07-31,399.5691223144531,400.9138202290297,392.41336549042563,393.3258547782898,29727771
2024-08-01,406.7248840332031,407.5893306092472,399.1849319017309,403.3150818273952,28803487
2024-08-02,403.1230163574219,409.46231106484265,397.0238180255559,399.80927014127377,24233263
2024-08-05,396.9277648925781,399.2329656502003,388.66743530823214,391.5489435833144,42489503
2024-08-06,398.608642578125,408.16565669735513,396.92776276002445,396.92776276002445,18230579
2024-08-07,403.0133972167969,407.56340428395555,401.75489970983745,407.56340428395555,15556736
2024-08-08,394.6878967285156,403.69106698043055,392.84851331604136,403.0618182283861,16447385
2024-08-09,397.5437316894531,403.0618229037193,395.1719433590689,400.5931907105656,10954753
2024-08-12,388.0565185546875,396.91448218747195,387.3304554775153,396.91448218747195,26254763
2024-08-13,383.5549621582031,391.59004899757997,382.3932493301461,390.13792273430096,11355664
2024-08-14,383.70013427734375,387.2336352906546,381.0862954216991,386.1687368848889,9424614
2024-08-16,385.34588623046875,388.15335391592976,380.74748649242696,385.34588623046875,13844122
2024-08-19,390.2347106933594,394.49427486911924,388.6373778203972,389.46022567912325,10677045
2024-08-20,393.2841796875,395.17195556743326,390.23472057217816,391.6384248412205,10126083
2024-08-21,395.89801025390625,396.62407333943594,392.267694826258,394.4942764711159,9726854
2024-08-22,390.4767150878906,396.9628606231785,389.41181670341615,396.72083960596075,10445288
2024-08-23,389.1214294433594,392.94534404616184,386.7980038871041,390.47674132211955,11513586
2024-08-26,401.6097106933594,402.67460915423493,389.12143121766746,389.6054732868306,13772637
2024-08-27,396.5756530761719,402.91662177596004,396.043218628643,402.23895107584804,8441188
2024-08-28,395.9947814941406,401.174037235926,394.3490562826788,396.9628655750881,15884745
2024-08-29,396.8176574707031,399.43149629746586,390.86394630261185,395.9947800960866,19014705
2024-08-30,402.9166259765625,405.82087836117904,398.36661875656347,399.52833152784325,22633988
2024-09-02,396.9144592285156,405.724029964011,394.68787773808054,404.4655029768942,11107165
2024-09-03,393.42938232421875,398.4150096571351,392.6549268419808,397.3985331437499,7538160
2024-09-04,392.1708984375,395.2203576274395,387.13684899688775,387.2336633214349,11052003
2024-09-05,390.3798828125,395.3655096291018,389.024571087149,392.4128651723164,14246871
2024-09-06,382.1995849609375,391.73521910741204,380.1666320171945,390.37990729705615,17956121
2024-09-09,377.4075927734375,380.2150307582896,373.0027923866893,378.7145122188151,12293356
2024-09-10,383.6517333984375,386.6528001453303,377.3107940900471,377.64962944823526,15852309
2024-09-11,377.2139892578125,386.5559955481384,375.13261421026596,386.2655821158609,11492592
2024-09-12,391.9288635253906,393.2841753903269,378.18205714662173,378.52089249875155,24028069
2024-09-13,388.5889587402344,394.30064912306943,386.6043981173826,391.92886076204934,12017217
2024-09-16,397.9794006347656,398.8506704624961,389.1698289464161,389.6054786320732,11479712
2024-09-17,403.0133972167969,404.32031665468986,397.01129354969066,398.7054407171418,14432501
2024-09-18,400.9320373535156,406.35331440135695,399.8187465104477,405.14320923637376,10303840
2024-09-19,410.41925048828125,418.0671086802838,407.12774103791725,410.46764287401794,59601773
2024-09-20,410.41925048828125,416.13094055351957,403.25540478438876,414.3883715132831,36084164
2024-09-23,414.6788635253906,416.760238599225,411.4357756206054,413.8559860654325,14139629
2024-09-24,414.4367980957031,417.67988565316125,413.3718997053104,417.67988565316125,12539885
2024-09-25,422.1814880371094,423.0527578310197,412.064997228065,414.43681512487103,19443168
2024-09-26,420.7293701171875,423.9724578715056,416.80861165232545,423.9724578715056,20041825
2024-09-27,422.9559631347656,428.37724033357966,419.6644829030662,422.08469330043107,53885913
2024-09-30,429.0549011230469,434.1373428397763,419.7612875037393,422.95595333682166,20903229
2024-10-01,426.0538330078125,433.4596707194278,424.79530590827284,431.76552348601854,15984996
2024-10-03,421.4554138183594,428.3772091421087,418.2123262133129,418.2123262133129,13563784
2024-10-04,416.7118225097656,425.32776529465286,412.6942497649605,419.08361088466415,18347292
2024-10-07,402.1905822753906,419.1804477272724,395.99481992122855,416.85705161625384,23431004
2024-10-08,407.5150451660156,414.0496133453788,398.17300924509556,400.7868483342746,18706355
2024-10-09,405.09478759765625,411.19370537137075,403.691053890198,410.9032919701771,13916492
2024-10-10,409.2091979980469,416.1793864240143,407.0794009674657,407.27302962245847,15866037
2024-10-11,409.0155334472656,413.0330765653093,406.20809545776416,410.4192672138075,8639087
2024-10-14,410.9516906738281,412.4038167892834,406.59531232746247,411.04850499024144,8483177
2024-10-15,412.9847106933594,413.5655671010701,410.03203626399005,413.03310308417525,9365964
2024-10-16,410.7096862792969,415.69531356878514,407.8054339308281,411.72616278382793,6219440
2024-10-17,404.4171447753906,412.0166110946083,403.3038539360721,410.1288352261589,11968387
2024-10-18,411.3873596191406,412.355443741512,401.2224763342414,404.3687497319483,8828971
2024-10-21,411.43572998046875,415.0660452450023,405.72403987298554,412.45220643710564,9139781
2024-10-22,402.48095703125,412.6942322773885,400.254375460416,409.3543599211374,14242323
2024-10-23,395.26873779296875,401.51289223834,388.8794061806428,400.7868291420681,22522821
2024-10-24,398.7538146972656,401.9969021768243,393.8165801284609,396.18839787083766,9400171
2024-10-25,386.1687316894531,394.4942606449086,379.10172975790937,389.6538402688974,19642277
2024-10-28,391.0091857910156,393.5262105123576,385.10386651421675,386.1687649975057,11716022
2024-10-29,398.995849609375,401.07722448281055,391.5416198831661,395.94639065121765,20284308
2024-10-30,395.4623718261719,401.5612901005497,392.8485328265337,400.9320413172541,12264297
2024-10-31,397.5565490722656,399.9916621129208,393.02724476174717,398.3844934511886,12204072
2024-11-01,400.6734924316406,404.6670836316204,399.6994472475236,401.3066158562167,2145479
2024-11-04,390.5434875488281,403.5469689437398,383.481658895567,403.1086663798746,13866505
2024-11-05,392.63763427734375,393.61167949771647,386.84205332592563,389.61808814908807,6665326
2024-11-06,398.2870788574219,400.1377588040429,392.68631892194986,396.1441972391504,9700643
2024-11-07,393.3194580078125,400.23518519183284,391.56618845716025,400.23518519183284,7589295
2024-11-08,387.3290710449219,393.70908499309706,385.2835701628695,392.6863196893205,7536509
2024-11-11,382.3614501953125,390.4947339608537,381.63091625934476,387.816109528972,12243693
2024-11-12,370.42938232421875,384.5530379016815,369.21182580892025,382.9458692465876,10549517
2024-11-13,371.4521484375,377.53993102718795,369.50405800879986,374.0333623104275,20602407
2024-11-14,362.83184814453125,375.20223445469304,361.7117020752256,370.18587774021313,15086601
2024-11-18,357.1824035644531,370.1371934448211,353.23750248322693,370.1371934448211,16383636
2024-11-19,357.1824035644531,368.67612557595993,355.57520512830433,358.448650493932,17055094
2024-11-21,346.9062194824219,354.89340264457496,345.5912524132804,354.2602791595817,21276150
2024-11-22,355.96484375,357.5720124459413,346.46790268929936,347.78283997884125,15949254
2024-11-25,358.8382568359375,367.4098726964097,357.96162207391797,364.2929160697832,18388844
2024-11-26,352.2634582519531,360.7863541781918,350.89980084885536,360.396742023807,11222231
2024-11-27,359.7148742675781,361.9551960242507,351.97123289639467,354.35762575994806,14225274
2024-11-28,352.6530456542969,362.1987062569938,350.26665279774755,360.1045150643485,16837860
2024-11-29,354.2115478515625,355.9161270324896,350.8511095873215,353.82193569816525,14280017
2024-12-02,348.90301513671875,354.45505514202404,347.7341489642852,354.2115438332255,12510350
2024-12-03,357.9129638671875,360.39676753703844,348.90304467876155,349.68226904269403,14205760
2024-12-04,363.0753479003906,365.41305043271757,358.4486332054829,359.3739880346646,22035954
2024-12-05,359.56878662109375,364.2442215072348,354.94207183119966,363.0753553543243,18758283
2024-12-06,359.90972900390625,361.56561786110774,358.4973514653813,359.86103863037204,9736086
2024-12-09,360.2506103515625,363.6110483367368,358.2051095592176,361.27334588498525,10878679
2024-12-10,359.56878662109375,361.5655971551908,356.89016226904977,359.42268578335523,7913822
2024-12-11,356.0135192871094,361.12725656825114,355.23429502018314,359.6661887736392,9998662
2024-12-12,346.3704833984375,357.4745928722576,343.83795990165373,356.50054766007156,22538216
2024-12-13,347.8802490234375,349.0003950962955,339.01643145797124,346.5165916423276,14269143
2024-12-16,343.74053955078125,349.58481065584016,342.57170316506944,347.8802315835313,12168143
2024-12-17,339.990478515625,344.6659134944526,338.23720897700315,342.863923858618,15646176
2024-12-18,332.87994384765625,341.8898618596265,331.17536476431053,340.47748444322565,14672392
2024-12-19,328.642822265625,331.75977858461613,326.3538102556314,328.25321015712575,14513129
2024-12-20,324.6005859375,334.9741621086317,322.40898408195795,329.03248002183943,20375797
2024-12-23,324.99017333984375,329.4707871815742,321.9219369209469,327.18177502841297,8884187
2024-12-24,326.59735107421875,328.10713900374805,323.1395024260247,326.4025598651029,7755462
2024-12-26,325.9642333984375,328.6428578066094,323.6265307691333,326.5973568589051,9030212
2024-12-27,326.30517578125,331.1754022854478,325.5259514307798,327.91234458253456,9090597
2024-12-30,322.798583984375,328.0584222928027,318.90240305583575,326.3051527651606,36657549
2024-12-31,324.697998046875,325.915554639427,317.7335802825779,321.53235090623974,8580998
2025-01-01,324.99017333984375,325.9642185347634,320.26604819938336,324.35704990824604,7843971
2025-01-02,329.2272644042969,329.8116974459724,321.43490311662123,324.9901620090234,16543382
2025-01-03,331.0292663574219,335.5585705812707,328.301921968776,329.2759671663994,8689629
2025-01-06,318.99981689453125,332.83127122718184,317.9770812801846,332.83127122718184,10538077
2025-01-07,320.0712585449219,321.77583764428186,316.66210034620195,318.51278028040696,13891401
2025-01-08,316.9543151855469,321.92195185519023,313.49646647336954,321.92195185519023,8993608
2025-01-09,312.035400390625,317.49005971139246,311.4996576702137,315.6393499642468,12403467
2025-01-10,300.24945068359375,312.6685277191682,299.6163272111943,312.03540424676873,15941143
2025-01-13,290.4602966308594,301.90532797124416,289.1453296381405,293.28502182508817,29630336
2025-01-14,302.3436584472656,304.5839804968155,292.40841411503527,292.65192544267086,22732888
2025-01-15,313.00946044921875,315.8828762245816,304.4378440465098,304.4378440465098,21894626
2025-01-16,317.0517272949219,318.8049968459834,313.30164715601063,316.27250298900606,14865186
2025-01-17,317.6848449707031,320.46087981388723,314.9575302241897,316.8569005823147,7129232
2025-01-20,327.3279113769531,328.25326630272605,316.1263904200352,317.7335889464306,17991880
2025-01-21,315.88287353515625,329.47081712959346,315.39585089342734,329.0324848618363,12774630
2025-01-22,314.0321960449219,318.51281033107125,309.11327921288495,318.51281033107125,11068145
2025-01-23,315.2497253417969,316.6621027823324,311.2561340474729,312.66851148800845,6477347
2025-01-24,315.2497253417969,321.3375078863453,313.7399671609491,316.36987138489366,7492600
2025-01-27,313.8373718261719,316.6133768347771,306.8242345742741,315.2497195151026,13803855
2025-01-28,309.9898986816406,315.44455798924594,300.1520357791654,314.12959096568454,22008929
2025-01-29,312.9120178222656,314.51918644341225,305.16834665833164,311.69446133268485,16056888
2025-01-30,314.61663818359375,318.31799850731676,312.81464839750333,313.8861041940034,10375720
2025-01-31,318.0523681640625,320.26106516520184,311.7207581111816,316.53083332400354,13195557
2025-02-01,311.8680114746094,324.7275115670738,310.9354385866664,320.06470704209613,10097627
2025-02-03,305.53643798828125,308.28502689325904,298.4195249748996,304.40755432935725,15881217
2025-02-04,313.2423095703125,314.56753370604025,304.603832581495,309.07032652358714,12141064
2025-02-05,313.7331237792969,317.11977431666554,312.55514014007485,315.107418053477,12226722
2025-02-06,307.0579528808594,316.77624363752193,305.6836585180837,316.67807333503004,13384442
2025-02-07,311.1318054199219,313.38957266052614,306.3708301961734,307.7451246016443,8937447
2025-02-10,304.8002014160156,311.0336414783167,303.32773667487544,310.6900603805763,6806132
2025-02-11,299.9901428222656,306.6162338681028,298.56674831835977,306.6162338681028,13241830
2025-02-12,300.6282043457031,301.8552582409917,294.4929348692602,300.57913417283976,7616083
2025-02-13,301.0699768066406,302.9350928665682,297.53605534935167,300.53005508049546,9086906
2025-02-14,294.8365173339844,302.59149199709935,292.87323109231625,301.2171976194058,7446248
2025-02-17,296.7998046875,297.6342073348089,287.42509487399354,292.0388295421455,6464173
2025-02-18,305.48736572265625,306.66531954928587,292.038842344354,295.62183391441533,15793327
2025-02-19,309.021240234375,310.5428050351532,304.8983571309295,305.4873489906704,13079903
2025-02-20,319.1812744140625,321.1445607766984,305.7818509805468,306.81256433798166,22888146
2025-02-21,320.26104736328125,323.696798062964,315.6473130121884,317.3651883620298,10809296
2025-02-24,314.2239685058594,319.42666505563915,313.58590646973477,316.1872547446247,6034113
2025-02-25,312.84967041015625,315.5982591287964,309.95381125946335,314.22396476947637,10686112
2025-02-27,309.9047546386719,313.4386460150635,308.72677087496027,309.561173544475,7302366
2025-02-28,305.7327575683594,309.8556406421271,300.92268237957506,308.23593550752656,21127180
2025-03-03,308.62860107421875,311.966181800376,302.05160992860306,305.58550131078624,9779703
2025-03-04,307.9905090332031,309.11939255691084,302.34606145729583,305.5854715613908,8734999
2025-03-05,320.2120056152344,321.29178910793786,307.74512570116985,307.79419587543043,10493615
2025-03-06,331.69720458984375,332.58067740725744,317.2670686857655,322.9605868045386,26294903
2025-03-07,323.50048828125,332.5316172492711,322.6661155691786,329.6848581041465,8992315
2025-03-10,323.3532409667969,328.8013783116457,320.31014127292246,323.4023410977097,11383132
2025-03-11,324.2366943359375,327.13255337804566,317.7578740338805,320.997284184909,10299324
2025-03-12,324.0894470214844,328.65408121329176,320.4082855833544,324.9238496056008,6984859
2025-03-13,325.8073425292969,328.4086907818121,322.42069177097835,325.9055128318649,8965150
2025-03-17,325.56195068359375,328.3596397039358,324.4330670318409,326.83810477644784,4353561
2025-03-18,325.56195068359375,325.56195068359375,325.56195068359375,325.56195068359375,0
2025-03-19,335.0347900390625,337.587068181891,330.17567449456055,332.77702281119747,30582397
2025-03-20,335.4765319824219,338.3723911324457,334.05313749362296,338.3723911324457,15002119
2025-03-21,344.8511962890625,347.35440407587674,335.47651701383273,335.7219277797536,36406837
2025-03-24,360.2139587402344,361.2446720443691,347.15808712942567,350.4465976082603,24588471
2025-03-25,360.2139587402344,364.63135282773345,357.46534000025684,362.2263151749245,23189083
2025-03-26,348.13970947265625,362.2262935464937,346.8144853340611,360.21393723196087,18668095
2025-03-27,354.02960205078125,357.7598640583684,344.5567514843525,347.4035106760822,37930538
2025-03-28,351.03558349609375,357.612574384314,349.9066999066665,355.3548072054595,11327077
2025-04-01,345.68560791015625,356.23827112027277,344.409483876997,345.88194851096677,18736320
2025-04-02,345.29296875,346.9617740431828,340.67923408581504,345.6856200079928,13593404
2025-04-03,352.31170654296875,354.71674414784326,345.2929642908617,345.2929642908617,10317410
2025-04-04,343.9677429199219,352.26263925875276,342.1516971582249,352.26263925875276,10872963
2025-04-07,343.3787536621094,344.9493886559623,318.0523729817001,321.978945487647,18025165
2025-04-08,346.4709777832031,351.67367473563104,343.5751183739591,350.2993802536098,17506712
2025-04-09,342.9370422363281,348.28697945736656,341.80815859940236,347.5016769162108,7462119
2025-04-11,353.48968505859375,354.86397940228767,344.5567268885283,344.5567268885283,11246077
2025-04-15,355.8456115722656,361.6863998003304,354.9130386762321,360.26300537109375,17497327
2025-04-16,352.704345703125,356.3364370722082,351.33005138633143,355.84561553354126,11541484
2025-04-17,357.318115234375,358.74150981921906,350.69202381175955,352.6553101592012,12288196
2025-04-21,357.8580017089844,361.4410232060176,355.15848302114233,359.08505565800345,7375594
2025-04-22,353.6369323730469,360.3120935757662,353.09704064244846,360.3120935757662,12077119
2025-04-23,357.1217346191406,357.56348598078785,351.3300465343298,356.28736198082527,9719205
2025-04-24,356.53277587890625,359.72311586420875,354.9621409715912,357.072667585779,7491123
2025-04-25,349.9067077636719,359.0850471181559,344.65491099529527,356.5327989307918,9785640
2025-04-28,354.864013671875,356.23830814828597,347.2072087623189,347.2072087623189,5315840
2025-04-29,350.39752197265625,357.66167503405745,347.5998331027099,357.3180939522447,9472828
2025-04-30,348.04156494140625,354.3731752071417,345.5383869055786,350.4466026286692,16739088
2025-05-02,342.2989501953125,351.4282187554535,341.2191368277745,348.04153818394076,8221620
2025-05-05,342.2008056640625,345.5383863590105,339.20677610329034,344.5567432159451,9492646
2025-05-06,335.5256042480469,343.0842682057717,333.7586586265018,342.59344664896804,8904223
2025-05-07,335.77099609375,337.3907311057685,330.8137106325013,331.79535369075796,8465490
2025-05-08,333.7586669921875,336.8017667121199,332.18803197957357,334.789380304362,14286109
2025-05-09,328.60504150390625,332.5316140685534,324.5312284595591,328.0651497592158,11322011
2025-05-12,342.1517028808594,342.78979488480377,331.89355008974826,334.1513173183527,7978210
2025-05-13,335.23114013671875,343.3787664059948,334.2494969738001,342.2008125849156,14738980
2025-05-14,332.33526611328125,337.53799262088927,331.5499636006543,336.16369824510684,22485535
2025-05-15,335.6728820800781,337.4398277405712,326.5435829478742,333.2678444157787,43307763
2025-05-16,336.8017578125,341.21915181773056,335.72194439752514,336.7035875097986,6920351
2025-05-19,338.8141174316406,341.31732536616425,336.11459884721774,336.8017610152918,6218209
2025-05-20,336.3109436035156,343.2806158443929,335.28020033868836,340.5319970955578,9986143
2025-05-21,339.7957763671875,341.0228303263044,333.61143639618695,336.2618549734563,5930972
2025-05-22,335.1329650878906,340.6301727139415,332.0407951599156,339.7957700457904,8717514
2025-05-23,338.27423095703125,338.61781204641017,333.9059070150093,335.72195280969385,4045937
2025-05-26,337.19439697265625,344.75306064902304,336.2618240664945,344.55672005066185,16655082
2025-05-27,332.33526611328125,338.17605465707004,330.6173906542105,337.6852330973355,24937330
2025-05-28,333.8077392578125,334.44583126754577,330.9119099563634,332.38437467290845,10985957
2025-05-29,333.12060546875,335.9673645825774,331.84445141264035,334.7403106578784,15884093
2025-05-30,327.7706298828125,334.4948912074368,326.7399165957157,331.30455108586915,19143010
2025-06-02,326.4454040527344,328.65410104891623,324.2367070565525,327.77062824191756,29479727
2025-06-03,322.2243347167969,328.605014612179,320.99728089076183,326.88713925572995,14081719
2025-06-04,323.20599365234375,323.8931558116218,318.88676996402944,322.96058287508305,15654279
2025-06-05,322.61700439453125,325.51286357248546,321.5862911046807,323.1569260832767,16270360
2025-06-06,326.73992919921875,327.3779912566705,323.00966724645895,323.5986591292496,11402511
2025-06-09,330.9118957519531,331.35361717353294,326.6417422657948,327.770625841881,19416373
2025-06-10,332.9733581542969,334.6421334832097,330.617390701339,332.5806769405568,12061248
2025-06-11,331.8935546875,336.31094885825456,331.2554926320875,334.74031382828974,10807496
2025-06-12,327.5743408203125,335.3783861190597,326.54359750792315,331.9426349925066,11881618
2025-06-13,325.8564453125,326.7889883010632,320.60464863473845,320.8009592841026,11711773
2025-06-16,327.5743408203125,328.50688386595345,324.531240973891,325.90553543303776,8065112
2025-06-17,329.0467834472656,330.71555876487605,326.98532691857474,327.868799728765,6796992
2025-06-18,326.2981872558594,329.7339383881267,324.678481999265,329.04680613609673,17835507
2025-06-19,323.9913024902344,327.03440217922974,322.5188377978854,326.2981698330552,11610604
2025-06-20,329.0467834472656,329.8320859546858,323.6477463259836,323.9422272769235,16592862
2025-06-23,326.4945068359375,329.53760649132573,324.28580982180625,327.5743202565424,8277787
2025-06-24,323.8931579589844,325.61103341119855,315.4510211737721,324.9238712473647,100814893
2025-06-25,324.7766418457031,327.5743308118927,323.3532472966713,325.41470390109373,17963666
2025-06-26,330.96099853515625,331.59906062300036,325.21837982981305,326.29819334013473,13754087
2025-06-27,332.08984375,335.0347730056868,328.3105418377643,332.72793572129444,50845169
2025-06-30,328.75225830078125,331.0591255078024,327.52520446272416,329.5866609021339,11858890
2025-07-01,326.4945068359375,329.09585510555127,326.05275545016303,329.09585510555127,8903292
2025-07-02,327.6233825683594,329.4884984551772,325.2183450055089,326.54356917366385,11326880
2025-07-03,328.4577941894531,330.1756696507396,324.9238729633325,328.4577941894531,15786429
2025-07-04,329.34124755859375,329.8320690899776,326.1509076045984,329.53758815409486,5899185
2025-07-07,331.2554931640625,332.7770280645951,327.6234015237717,329.3412770373795,9454556
2025-07-08,336.8999328613281,337.5870650751774,330.8137334965443,331.9917172308156,12092302
2025-07-09,337.68524169921875,339.2558767218522,336.5072579429008,336.9490093408629,9079872
2025-07-10,335.1820373535156,338.6668582599091,334.9366265866606,337.68521519248907,6426072
2025-07-11,336.40911865234375,337.68524276122537,333.2678485971977,334.24949174475944,17234194
2025-07-14,335.82012939453125,338.6668885532144,333.70960260226815,336.7526724175736,11516965
2025-07-15,335.7219543457031,337.78341093403697,334.6912410302218,336.8508379667948,8450777
2025-07-16,336.1636962890625,337.48889052673826,334.54396118546697,335.72194490492365,6001484
2025-07-17,336.3599853515625,338.17603098694286,335.72192336004196,337.88155005466217,7562006
2025-07-18,335.82012939453125,337.58707509099065,334.39673483650387,336.70360224276095,6370338
2025-07-21,335.28021240234375,336.50726636364254,333.07151527200585,335.8201341197385,4463318
2025-07-22,334.5930480957031,336.31092347690424,333.8077156613039,335.280180273762,4728372
2025-07-23,336.7526550292969,337.68522796155736,334.69122847566024,335.5256011486226,5058422
2025-07-24,332.6788635253906,337.29259839629833,330.32292591450306,337.29259839629833,9098453
2025-07-25,327.08349609375,333.6604869534886,326.4454041066292,332.6788438439124,7790739
2025-07-28,326.8381042480469,330.4210958140664,324.28582602383705,327.3289258312652,4605823
2025-07-29,328.4577941894531,329.34126700664063,322.46976516149465,325.90551608406764,7551356
2025-07-30,332.5806884765625,336.01643951436733,326.3963485914624,328.8504564756087,12537358
2025-07-31,328.1142272949219,333.8568457910344,326.88717334093934,329.8811730057079,8935384
2025-08-01,324.82568359375,328.605015378222,324.13855142398984,326.8871400177683,7107542
2025-08-04,325.905517578125,327.1816416579826,321.1936425599438,324.825704148892,8193399
2025-08-05,327.47613525390625,328.2123675589027,325.2183382108289,326.34725171105214,9855535
2025-08-06,326.0036926269531,329.2431030044295,325.5128710571918,327.4761573362371,13872826
2025-08-07,323.69683837890625,326.347286946004,322.617024890186,326.00370584176943,8731389
2025-08-08,328.60504150390625,331.30456014210114,323.5986554925069,323.9422365833878,11247218
2025-08-11,329.9793395996094,332.87519888136416,327.81974263932943,328.85045596612537,11993280
2025-08-12,333.8568420410156,335.57471755729523,329.58668833764625,330.07750991372615,7221182
2025-08-13,333.7095947265625,336.70359429639547,332.92426224649233,334.05314585688654,5417151
2025-08-14,333.12060546875,334.2004189139593,330.1265759180618,333.7095973440797,5689423
2025-08-18,329.88116455078125,335.52561259443235,329.2922026338624,335.18206146202004,6511340
2025-08-19,328.8995056152344,334.3967129156169,328.0160328249195,332.67883750658297,10316115
2025-08-20,335.7219543457031,337.09624875213524,330.32291706821377,331.59904116903544,10824544
2025-08-21,332.5806884765625,338.0288259537903,330.7155724760856,336.06553964647327,11135121
2025-08-22,330.8137512207031,332.6788672687519,329.34128645265844,332.2862159887478,8534844
2025-08-25,331.64813232421875,335.132953398785,330.8627998579623,330.8627998579623,7142387
2025-08-26,327.08349609375,331.20637917954804,325.6601016019163,329.9793252925777,13113388
2025-08-28,324.7275390625,326.78899565009107,322.66611243228016,325.1692904589021,10486948
2025-08-29,321.53717041015625,325.41467245707184,320.99727871331066,324.9238509299872,11813425
2025-09-01,324.62939453125,325.5128673552989,321.9789461017325,321.9789461017325,6897558
2025-09-02,330.1265869140625,332.0408030833009,325.0220603917137,325.0220603917137,9224639
2025-09-03,328.1142272949219,331.79538915686936,327.37799492253237,330.3229244120904,10778333
2025-09-04,327.2713623046875,332.0805371672518,326.52767640616696,330.69232954214476,7934237
2025-09-05,325.9327392578125,329.00661664398234,323.2058910689708,327.27134961471944,5678244
2025-09-08,323.9495849609375,328.1638049935083,323.60252549435927,325.98231428415033,5239184
2025-09-09,321.3714599609375,325.38735155408557,320.9252363347408,324.8419940204278,9735495
2025-09-10,322.9084167480469,325.2882056129135,322.41262614033894,322.75968561786596,6509477
2025-09-11,328.262939453125,330.6923254625849,323.2554665691235,323.7016902069937,10309925
2025-09-12,328.9075012207031,330.692335303988,325.6352650538046,329.20496348103154,5257048
2025-09-15,328.3125305175781,330.98978151266977,327.8663068880683,328.2133663487253,6566824
2025-09-16,332.2292785644531,332.97296448596194,328.41171504256715,328.41171504256715,8784889
2025-09-17,333.5679016113281,334.60908000269984,331.73347038328313,332.67548460490667,7936518
2025-09-18,334.1133117675781,334.7578335230772,331.28729917429666,334.16287872544035,6497322
2025-09-19,335.7989807128906,336.6418308186182,333.61752014233116,334.1133107620935,10646331
2025-09-22,336.3443603515625,337.4846726970855,334.0141384433545,336.29476313440057,6966213
2025-09-23,340.11236572265625,341.20311114007916,335.2536236930356,336.592264420752,10738268
2025-09-24,344.67364501953125,347.45006038681214,339.3686793342708,340.40982753183664,14653575
2025-09-25,337.6333923339844,347.84666640017724,337.1376017431856,346.35929462778086,13228081
2025-09-26,335.0552673339844,337.8812796872413,333.61749281085747,337.63338439766886,6337702
2025-09-29,338.0796203613281,340.8560356016022,335.1544437333572,336.2451890994136,16922231
2025-09-30,337.5838317871094,340.1619186996749,336.2947580701699,338.2283535152508,8308029
2025-10-01,337.385498046875,340.16191325938325,335.20400733657834,337.43506500184054,6022078
2025-10-03,339.1207580566406,340.60812980250313,335.8981192739387,337.3854910198011,8506827
2025-10-06,336.24517822265625,338.92242920474837,332.824211108107,337.7325499662593,8436245
2025-10-07,335.1544494628906,338.5258195296167,334.01413712187906,336.2451948475936,16130172
2025-10-08,330.98980712890625,336.3939370127404,329.5024352629693,336.3939370127404,13223442
2025-10-09,333.0225524902344,333.5679100466564,328.4117059565769,330.9897928712883,6824759
2025-10-10,336.84014892578125,339.07120664685397,333.12171939065996,333.17128634686543,8970962
2025-10-13,338.82330322265625,339.2199296447637,333.3696067018744,335.1048737766686,6663149
2025-10-14,333.8157958984375,340.11234240025266,332.3780213537221,339.12076122707407,7545848
2025-10-15,336.3939208984375,338.87287388958293,333.914967907292,334.1132962508463,8121744
2025-10-16,338.6249694824219,339.71571482131924,336.7905382661839,337.3359260659605,6788416
2025-10-17,338.1291809082031,341.30225277465394,337.2863308567406,338.6249714960451,7032129
2025-10-20,339.0711975097656,341.55015046637845,337.4350643498762,338.52580970291706,6896835
2025-10-21,339.1207580566406,340.60812980250313,338.1787438466655,340.0627722666158,346988
2025-10-23,339.7652893066406,342.29383950203896,338.178753347683,340.90560162504073,8710859
2025-10-24,336.7409973144531,340.36026281151896,335.3031924029744,339.56700991869786,7584711
2025-10-27,338.87286376953125,340.0131760592727,337.5838203568941,337.8317156486055,6752390
2025-10-28,336.2947692871094,340.01319891270913,334.4603379530153,339.51740829596247,13186584
2025-10-29,344.574462890625,347.0534158610611,336.29475391723696,336.39391808818567,15423201
2025-10-30,342.2442321777344,346.0618257054123,340.55856235791225,346.0618257054123,6721032
2025-10-31,334.1133117675781,342.09552866551013,332.77467103805975,342.09552866551013,18651312
2025-11-03,332.3780212402344,334.65864583350407,330.5931569727288,334.0141241232892,10242245
2025-11-04,327.8167419433594,333.1712742270196,326.9243249395253,332.5763194709116,11887651
2025-11-05,327.8167419433594,327.8167419433594,327.8167419433594,327.8167419433594,0
2025-11-06,323.8999938964844,330.1469736315599,321.8672645346682,329.25452634036566,11587302
2025-11-07,326.1000061035156,327.1000061035156,320.8500061035156,324.3999938964844,8578167
2025-11-10,325.45001220703125,328.25,324.0,326.1000061035156,5246998
2025-11-11,326.6499938964844,327.45001220703125,322.8500061035156,325.95001220703125,6103758
2025-11-12,327.1499938964844,328.25,325.54998779296875,327.5,6850550
2025-11-13,326.95001220703125,329.95001220703125,325.54998779296875,327.1499938964844,7276001
2025-11-14,328.45001220703125,329.8999938964844,326.20001220703125,327.0,9169855
2025-11-17,330.20001220703125,331.45001220703125,328.54998779296875,329.0,6283156
2025-11-18,328.45001220703125,329.75,327.1499938964844,329.04998779296875,6776200
2025-11-19,326.6000061035156,328.95001220703125,325.04998779296875,328.95001220703125,6935056
2025-11-20,326.6000061035156,330.0,326.20001220703125,328.0,5155775
2025-11-21,326.6499938964844,328.3999938964844,325.0,326.8500061035156,6142545
2025-11-24,323.45001220703125,327.1000061035156,322.04998779296875,326.70001220703125,13719726
2025-11-25,323.70001220703125,325.6000061035156,322.5,323.45001220703125,8074651
2025-11-26,326.1000061035156,327.79998779296875,324.0,324.29998779296875,7101095
2025-11-27,327.3500061035156,328.75,325.0,327.1499938964844,6755179
2025-11-28,326.45001220703125,328.1499938964844,324.25,328.0,8930988
2025-12-01,327.1000061035156,328.25,325.45001220703125,327.1000061035156,6936186
2025-12-02,328.6000061035156,329.95001220703125,326.75,327.45001220703125,5806943
2025-12-03,322.95001220703125,329.0,321.29998779296875,329.0,8546132
2025-12-04,322.95001220703125,324.29998779296875,321.1000061035156,322.8999938964844,5965357
2025-12-05,323.29998779296875,324.1499938964844,320.95001220703125,322.25,6574010
2025-12-08,319.5,323.20001220703125,317.8500061035156,323.20001220703125,7906928
2025-12-09,319.8500061035156,321.3999938964844,315.54998779296875,317.45001220703125,7152584
