Date,Adj Close,Close,High,Low,Open,Volume
18/01/2021,837.8762207,998.25,1013.799988,991.9500122,998,4659705
19/01/2021,833.0501099,992.5,1008.450012,987.2000122,1006.599976,4416027
20/01/2021,855.6704712,1019.450012,1023.400024,997,997,4687853
21/01/2021,843.2901001,1004.700012,1033.349976,994.5,1026,3911527
22/01/2021,823.2717285,980.8499756,1005,975,1004.700012,3922421
25/01/2021,815.885437,972.0499878,997.9000244,962.2000122,985.8499756,2751784
27/01/2021,836.9109497,997.0999756,1004.900024,973.6500244,978,6975618
28/01/2021,823.901062,981.5999756,990,965,990,4274190
29/01/2021,806.9463501,961.4000244,995.9000244,956,990.0999756,4425911
01/02/2021,790.4533691,941.75,961.9000244,921.1500244,961.9000244,6321189
02/02/2021,803.4212646,957.2000122,972.9000244,937.5,955,4971530
03/02/2021,823.7753296,981.4500122,1000,960.0999756,965,5640121
04/02/2021,813.4932861,969.2000122,988,964.2999878,987.9500122,4232910
05/02/2021,805.2677612,959.4000244,980.8499756,950.0499878,972.3499756,3077720
08/02/2021,824.6985474,982.5499878,993,960.5499878,969.7999878,3713579
09/02/2021,818.4453735,975.0999756,999.7999878,967.25,978.5999756,3086774
10/02/2021,818.2775269,974.9000244,980.25,957.5999756,975.5,2776301
11/02/2021,827.258606,985.5999756,988.6500244,972.8499756,975,2070435
12/02/2021,831.9588623,991.2000122,1009,986.25,990,5863879
15/02/2021,821.8867798,979.2000122,996,977.5,996,2487825
16/02/2021,828.2658691,986.7999878,1000,973.5,990,3912433
17/02/2021,822.9359131,980.4500122,996.5999756,971.4000244,989,2227724
18/02/2021,848.2421265,1010.599976,1015.5,981.5,982,6742595
19/02/2021,834.2671509,993.9500122,1019.200012,972.6500244,1013.650024,4357699
22/02/2021,797.9653931,950.7000122,1011,941.9000244,998.9500122,5946290
23/02/2021,793.8106689,945.75,962.75,931,952,4120032
24/02/2021,805.8132324,960.0499878,963.9000244,936.6500244,950,1686531
25/02/2021,803.9248047,957.7999878,969,952.25,964,3682791
26/02/2021,771.2322388,918.8499756,948.8499756,915,945,5254937
01/03/2021,785.6269531,936,957,926.3499756,935.4500122,3429569
02/03/2021,811.7306519,967.0999756,971,942,944.5,3703190
03/03/2021,819.2009277,976,980.2000122,961.4500122,972.2000122,3203532
04/03/2021,812.5280762,968.0499878,994.7000122,955.5999756,960,5134954
05/03/2021,805.5195313,959.7000122,980.9000244,957,965.2000122,2618145
08/03/2021,812.9057007,968.5,980,962,963,2880739
09/03/2021,829.3989258,988.1500244,998.5,961.5499878,973,2814747
10/03/2021,846.6893311,1008.75,1016.799988,993,1002,5268496
12/03/2021,842.072998,1003.25,1024.599976,996.1500244,1000,4674919
15/03/2021,861.7136841,1026.650024,1029.949951,1002,1005,5203101
16/03/2021,861.6298218,1026.550049,1045,1021.099976,1032,4797715
17/03/2021,856.1739502,1020.049988,1043.199951,1015.599976,1024,3477295
18/03/2021,836.1557617,996.2000122,1035,978.5999756,1034,3738712
19/03/2021,830.4900513,989.4500122,1000.75,975.1500244,992,6208000
22/03/2021,850.7182617,1013.549988,1017.400024,978.2999878,989.9000244,3873143
23/03/2021,850.9700928,1013.849976,1021.5,1000.549988,1013.549988,3782337
24/03/2021,832.7562866,992.1500244,1013.349976,987.25,1003.75,2749823
25/03/2021,813.0736694,968.7000122,996.9000244,964.0999756,992.7000122,3654840
26/03/2021,831.7909546,991,997.7999878,977,977.9000244,2761824
30/03/2021,853.5300293,1016.900024,1019.799988,991.5,991.5,4300037
31/03/2021,832.1687622,991.4500122,1023,989.2000122,1023,3780505
01/04/2021,832.7562866,992.1500244,1007.799988,986,1000,3555291
05/04/2021,837.4146118,997.7000122,1007.200012,978.2000122,992,5118272
06/04/2021,832.0847778,991.3499756,1008,988.5499878,1006,2395572
07/04/2021,841.3594971,1002.400024,1005.650024,982.0999756,992,2974419
08/04/2021,863.6860962,1029,1049.849976,1005,1008,6737118
09/04/2021,883.8304443,1053,1056.800049,1016.549988,1028.949951,6029994
12/04/2021,872.7929077,1039.849976,1059.050049,1016.799988,1051,7896295
13/04/2021,840.8978271,1001.849976,1050.25,983,1045,6448995
15/04/2021,833.5957031,993.1500244,1007.799988,970.2999878,1001.849976,4373215
16/04/2021,847.9904175,1010.299988,1013.5,996,998,2660763
19/04/2021,839.4290161,1000.099976,1009.400024,983.2999878,999.0999756,2777425
20/04/2021,825.4119263,983.4000244,1007.5,973.3499756,996,4028636
22/04/2021,812.3181763,967.7999878,985.5,960.6500244,973.5999756,5085190
23/04/2021,797.5457764,950.2000122,970.9500122,945.4000244,966.5,3916517
26/04/2021,807.6178589,962.2000122,970,937,951,5053998
27/04/2021,813.5353394,969.25,987.5999756,944.1500244,962.7000122,10497935
28/04/2021,820.3760376,977.4000244,980,968,975,2968625
29/04/2021,819.9562378,976.9000244,985,970.5499878,985,2747579
30/04/2021,806.1070557,960.4000244,976.9000244,955.4000244,973.7999878,3129105
03/05/2021,803.8408203,957.7000122,965,955,960,3506839
04/05/2021,806.1070557,960.4000244,969.9000244,955.5999756,964,4064221
05/05/2021,806.1070557,960.4000244,972.5999756,953.75,972.5999756,3041045
06/05/2021,820.8375854,977.9500122,984.7000122,957.8499756,965,4620827
07/05/2021,823.3555908,980.9500122,984.25,972.0999756,980,2002597
10/05/2021,831.3712769,990.5,992.6500244,973.0999756,985,2036101
11/05/2021,820.0822144,977.0499878,986.9500122,970.5,984,2029457
12/05/2021,807.7437134,962.3499756,977,950.4000244,977,3070622
14/05/2021,799.2244873,952.2000122,966.4500122,941.4000244,963,2090820
17/05/2021,800.1896973,953.3499756,957.9500122,943,954,2281200
18/05/2021,814.7943115,970.75,979,957.0499878,960.3499756,2000985
19/05/2021,820.5857544,977.6500244,986.2999878,962.5999756,969,2152740
20/05/2021,816.7667847,973.0999756,984.7999878,965.2000122,984.7999878,1769194
21/05/2021,822.9779663,980.5,986,971.8499756,976.9500122,1534262
24/05/2021,825.6637573,983.7000122,994,975.0999756,979.7999878,1830838
25/05/2021,833.1759033,992.6500244,1001.700012,983.7999878,990.0499878,2719646
26/05/2021,845.8920288,1007.799988,1012,993,995.6500244,2013788
27/05/2021,855.9642334,1019.799988,1032,1006.900024,1007,6393813
28/05/2021,861.3779297,1026.25,1033,1012.599976,1020,1839013
31/05/2021,857.5169678,1021.650024,1032,1013,1025,1801746
01/06/2021,864.9450684,1030.5,1032,1013.349976,1024.699951,1262702
02/06/2021,853.5720825,1016.950012,1024.699951,994,1020.200012,5252186
03/06/2021,851.3897095,1014.349976,1020.75,1007,1016.950012,2024676
04/06/2021,855.4606323,1019.200012,1026.949951,1011,1019.549988,2315912
07/06/2021,868.2185669,1034.400024,1038.949951,1019.450012,1024.949951,1745475
08/06/2021,887.8173828,1057.75,1060.900024,1037.050049,1039,4517995
09/06/2021,883.2009888,1052.25,1064.449951,1046.199951,1057.75,2163655
10/06/2021,893.8186035,1064.900024,1074,1056.5,1059.699951,3934077
11/06/2021,900.6173706,1073,1082.400024,1054.900024,1064.900024,4988857
14/06/2021,897.4698486,1069.25,1079.349976,1058,1073,2757666
15/06/2021,895.4552612,1066.849976,1093,1061.650024,1069.25,3484298
16/06/2021,897.3858032,1069.150024,1077.949951,1055,1070,1881596
17/06/2021,906.7026367,1080.25,1084.699951,1057.050049,1059.949951,3161931
18/06/2021,898.6867676,1070.699951,1091.599976,1055,1089.5,4396398
21/06/2021,892.1400146,1062.900024,1070.050049,1055,1059,1074790
22/06/2021,887.3557129,1057.199951,1072,1053.699951,1061.050049,2437289
23/06/2021,886.7260742,1056.449951,1062.300049,1038.449951,1060,4130539
24/06/2021,906.4927368,1080,1082.300049,1052.5,1056.550049,3617010
25/06/2021,914.4664307,1089.5,1103.199951,1077,1087.400024,3200049
28/06/2021,927.5602417,1105.099976,1108,1081.099976,1091,2143755
29/06/2021,913.3334351,1088.150024,1109.400024,1083,1109,2956332
30/06/2021,919.4606323,1095.449951,1105,1083.300049,1088.199951,1917370
01/07/2021,910.8154297,1085.150024,1099.349976,1081,1096,1459518
02/07/2021,914.3825684,1089.400024,1097.5,1075,1087,1669409
05/07/2021,902.0023804,1074.650024,1094.949951,1071.199951,1093,2597359
06/07/2021,880.9346924,1049.550049,1074.650024,1047.75,1074.650024,3865594
07/07/2021,877.8710327,1045.900024,1059.5,1030.099976,1049.550049,3713891
08/07/2021,889.831604,1060.150024,1063.400024,1045,1049,2171947
09/07/2021,882.7811279,1051.75,1068.800049,1049,1055.199951,1889035
12/07/2021,886.8520508,1056.599976,1058.699951,1046.099976,1057,3224820
13/07/2021,881.4384155,1050.150024,1062,1048,1062,1908081
14/07/2021,905.2337646,1078.5,1080,1048,1054,3173326
15/07/2021,933.7294312,1112.449951,1119.699951,1076.400024,1078,5922995
16/07/2021,925.923584,1103.150024,1118.300049,1083.050049,1112.400024,2323939
19/07/2021,918.4113159,1094.199951,1110.449951,1086.099976,1088,1409001
20/07/2021,912.5359497,1087.199951,1102.199951,1084.900024,1095.949951,1230858
22/07/2021,964.0716553,1148.599976,1152.5,1080,1080,7309727
23/07/2021,974.7588501,1131,1141.5,1115.099976,1123.949951,2840803
26/07/2021,965.4508057,1120.199951,1138.550049,1116.550049,1131,984581
27/07/2021,966.0109253,1120.849976,1127.699951,1104.050049,1120.199951,1397105
28/07/2021,964.8908081,1119.550049,1130.699951,1106.5,1124,2533035
29/07/2021,972.0008545,1127.800049,1141.349976,1115.099976,1128.699951,3821405
30/07/2021,1042.457642,1209.550049,1237.300049,1175,1185,20425030
02/08/2021,1043.448608,1210.699951,1214,1195.550049,1210,2385223
03/08/2021,1056.850464,1226.25,1230,1210,1211,2603616
04/08/2021,1048.447388,1216.5,1230.400024,1213.699951,1225.199951,1938175
05/08/2021,1075.768555,1248.199951,1254,1217,1217.050049,5790873
06/08/2021,1089.90271,1264.599976,1273,1243.050049,1252,3894726
09/08/2021,1109.596191,1287.449951,1306.800049,1266,1290.400024,6585101
10/08/2021,1140.278442,1323.050049,1329.699951,1282.400024,1288,6314469
11/08/2021,1140.752319,1323.599976,1326.75,1298.349976,1323.050049,3430349
12/08/2021,1195.006104,1386.550049,1394.800049,1317.75,1323,8613315
13/08/2021,1192.075806,1383.150024,1390,1365.900024,1380.099976,4760344
16/08/2021,1178.889282,1367.849976,1399.949951,1360.25,1381.949951,2912430
17/08/2021,1218.405396,1413.699951,1428.800049,1370.5,1372,8042970
18/08/2021,1217.371216,1412.5,1425,1404.25,1418,2939739
20/08/2021,1205.908691,1399.199951,1420,1370.650024,1370.650024,4051399
23/08/2021,1220.387695,1416,1442.949951,1409,1415.449951,3987240
24/08/2021,1261.196655,1463.349976,1467,1420,1421.900024,5366923
25/08/2021,1260.981079,1463.099976,1478,1450,1463,3105863
26/08/2021,1249.259766,1449.5,1466.75,1444,1459.800049,1993944
27/08/2021,1245.72644,1445.400024,1457.099976,1431.199951,1449.849976,3097939
30/08/2021,1223.145508,1419.199951,1455,1415.900024,1450,2742699
31/08/2021,1247.665283,1447.650024,1454,1406.949951,1424.800049,6392991
01/09/2021,1237.883423,1436.300049,1468.25,1427.5,1450,1829925
02/09/2021,1239.17627,1437.800049,1452.550049,1421.199951,1436,3860958
03/09/2021,1242.752808,1441.949951,1449.699951,1425.099976,1444,1919590
06/09/2021,1259.300659,1461.150024,1467.900024,1436.099976,1448,1801171
07/09/2021,1236.935303,1435.199951,1472.900024,1432.300049,1468.949951,1940043
08/09/2021,1230.600586,1427.849976,1442.349976,1419.849976,1440.199951,2256454
09/09/2021,1235.254883,1433.25,1437.900024,1414,1425.599976,2303457
13/09/2021,1232.022827,1429.5,1439.800049,1420.349976,1436,1937241
14/09/2021,1251.457642,1452.050049,1457,1429.5,1435,1554999
15/09/2021,1262.48938,1464.849976,1480,1437.949951,1442.099976,2410087
16/09/2021,1248.268677,1448.349976,1469,1440,1464.849976,1800078
17/09/2021,1251.026611,1451.550049,1472,1436.599976,1451,2861623
20/09/2021,1233.574097,1431.300049,1493.150024,1426.349976,1440,2526342
21/09/2021,1259.774536,1461.699951,1466.449951,1420.400024,1439,1713705
22/09/2021,1304.504639,1513.599976,1527.900024,1456.5,1464,5145820
23/09/2021,1311.313477,1521.5,1531,1504,1525.099976,2015302
24/09/2021,1305.495972,1514.75,1547.849976,1511.050049,1530,3592146
27/09/2021,1262.101563,1464.400024,1525,1459.199951,1523,2728552
28/09/2021,1218.707153,1414.050049,1465,1408.400024,1464.400024,3995669
29/09/2021,1202.59021,1395.349976,1408.949951,1372.75,1400,7948104
30/09/2021,1189.878052,1380.599976,1402.650024,1377,1388,3856630
01/10/2021,1181.819702,1371.25,1384,1364.800049,1375,2661824
04/10/2021,1205.779297,1399.050049,1405.550049,1372.050049,1384.699951,2538936
05/10/2021,1217.845337,1413.050049,1421,1381,1399.099976,2481825
06/10/2021,1194.230225,1385.650024,1426.900024,1379.949951,1422.900024,2769341
07/10/2021,1221.421997,1417.199951,1423.300049,1375.650024,1397.949951,1956325
08/10/2021,1241.029053,1439.949951,1447,1418.5,1418.5,2665924
11/10/2021,1206.770386,1400.199951,1434.449951,1385.599976,1420,3073366
12/10/2021,1184.577515,1374.449951,1402.849976,1361,1399,2965629
13/10/2021,1208.45105,1402.150024,1410,1377,1386.900024,1738985
14/10/2021,1233.143066,1430.800049,1459.599976,1410.5,1432,4328124
18/10/2021,1275.244873,1479.650024,1486.949951,1420,1420,3579606
19/10/2021,1326.482178,1539.099976,1569.800049,1477.050049,1498,8645334
20/10/2021,1326.654419,1539.300049,1576.5,1515.800049,1544,5159270
21/10/2021,1313.683594,1524.25,1546.150024,1476.050049,1546.150024,4261416
22/10/2021,1307.822754,1517.449951,1561.949951,1483.75,1531,5223521
25/10/2021,1313.554321,1524.099976,1535,1483.800049,1531,3890467
26/10/2021,1347.339233,1563.300049,1630,1543,1571.900024,16978043
27/10/2021,1351.260376,1567.849976,1587.099976,1527.5,1561.849976,3624131
28/10/2021,1321.483521,1533.300049,1582.849976,1526,1578,3054565
29/10/2021,1273.693481,1477.849976,1542.75,1467.800049,1527.349976,3795495
01/11/2021,1311.873657,1522.150024,1529.900024,1487.050049,1490,2271900
02/11/2021,1297.467896,1490.599976,1522.949951,1488.050049,1522.25,2041689
03/11/2021,1304.387939,1498.550049,1537.699951,1493.599976,1498,2697346
04/11/2021,1310.742065,1505.849976,1515,1501,1509,166444
08/11/2021,1354.568359,1556.199951,1562.800049,1504.300049,1508,3050392
09/11/2021,1357.179688,1559.199951,1572,1553,1561,2061369
10/11/2021,1363.620972,1566.599976,1573.349976,1546.550049,1555.949951,1299996
11/11/2021,1324.756226,1521.949951,1560,1515,1560,3027565
12/11/2021,1379.637085,1585,1589.449951,1531.300049,1538.5,3713868
15/11/2021,1374.544922,1579.150024,1601.5,1573.349976,1585,2448280
16/11/2021,1392.606567,1599.900024,1605,1576,1585.099976,2864344
17/11/2021,1408.75293,1618.449951,1625,1595,1598.5,2304359
18/11/2021,1364.62207,1567.75,1624.75,1559.5,1620.199951,2938804
22/11/2021,1341.599243,1541.300049,1581.800049,1520,1581.800049,1951782
23/11/2021,1358.354858,1560.550049,1564.449951,1506.300049,1522,1823592
24/11/2021,1338.813599,1538.099976,1569.900024,1530,1568.800049,1644163
25/11/2021,1357.310181,1559.349976,1564.800049,1530.050049,1531,1557493
26/11/2021,1329.500122,1527.400024,1550,1510.150024,1544,1522173
29/11/2021,1337.551636,1536.650024,1545.5,1479.400024,1515,1995524
30/11/2021,1341.729614,1541.449951,1594.449951,1526.5,1529,5662900
01/12/2021,1381.899902,1587.599976,1594.400024,1550,1550,2761193
02/12/2021,1418.501831,1629.650024,1632.5,1580,1590,2664202
03/12/2021,1386.861694,1593.300049,1638.25,1589.699951,1625,2400296
06/12/2021,1350.695068,1551.75,1619.550049,1546.849976,1606,2911781
07/12/2021,1372.368896,1576.650024,1581.349976,1536,1564,1758254
08/12/2021,1396.871582,1604.800049,1614.800049,1582.050049,1582.650024,1604565
09/12/2021,1402.442261,1611.199951,1620,1585,1593,1947954
10/12/2021,1395.000122,1602.650024,1611.199951,1578.550049,1611,1776362
13/12/2021,1425.900513,1638.150024,1655.5,1597.449951,1605,3163063
14/12/2021,1429.860962,1642.699951,1665,1625.650024,1640,2725454
15/12/2021,1428.903442,1641.599976,1646.300049,1615.900024,1639,1622068
16/12/2021,1438.521729,1652.650024,1667.650024,1642.199951,1649,2225836
17/12/2021,1429.991455,1642.849976,1675,1626.900024,1669.199951,3405084
20/12/2021,1390.996094,1598.050049,1638.349976,1576.599976,1635,2233189
21/12/2021,1421.374268,1632.949951,1655.300049,1605.5,1605.5,2237445
22/12/2021,1444.70166,1659.75,1661.699951,1631.75,1645,1656110
23/12/2021,1465.635742,1683.800049,1691.099976,1664.150024,1670,1715034
24/12/2021,1500.453247,1723.800049,1735.199951,1680.349976,1683.349976,3343946
27/12/2021,1553.723633,1785,1792,1703.650024,1724.5,4512000
28/12/2021,1572.089844,1806.099976,1823,1776.099976,1785,3605483
29/12/2021,1555.333862,1786.849976,1821,1782.75,1800.5,1902921
30/12/2021,1566.736572,1799.949951,1838,1786,1787,4650594
31/12/2021,1558.554565,1790.550049,1813,1783.449951,1800.199951,2378048
03/01/2022,1553.549683,1784.800049,1818,1783,1795.050049,1779147
04/01/2022,1557.901855,1789.800049,1803.800049,1767,1793,2701533
05/01/2022,1512.421631,1737.550049,1782.949951,1733,1779.949951,3138050
06/01/2022,1472.860229,1692.099976,1728.849976,1690,1725,4290750
07/01/2022,1483.087769,1703.849976,1724.550049,1695.099976,1702,2103362
10/01/2022,1493.663818,1716,1725,1687.5,1719,2330348
11/01/2022,1512.073486,1737.150024,1745,1705,1705,2704832
12/01/2022,1506.241455,1730.449951,1755,1721,1754,3013194
13/01/2022,1496.100952,1718.800049,1748.900024,1701.800049,1730,2768371
14/01/2022,1512.595703,1737.75,1746.800049,1696.5,1714.5,1889385
17/01/2022,1499.234497,1722.400024,1751,1720,1732.949951,2522806
18/01/2022,1445.572388,1660.75,1746.550049,1650.050049,1740,4878369
19/01/2022,1453.710693,1670.099976,1676.599976,1627.550049,1663.099976,2610709
20/01/2022,1450.925659,1666.900024,1673.199951,1643.550049,1670.099976,2440011
21/01/2022,1387.079346,1593.550049,1653,1588.849976,1650,4079190
24/01/2022,1317.096313,1513.150024,1588,1501.949951,1588,3250275
25/01/2022,1306.172363,1500.599976,1527.650024,1465,1499,3910618
27/01/2022,1258.298584,1445.599976,1484.5,1430,1484.5,4434890
28/01/2022,1227.876953,1410.650024,1482.900024,1406.25,1446,7080683
31/01/2022,1287.370972,1479,1487.599976,1431.5,1437,4406035
01/02/2022,1310.655273,1505.75,1514.949951,1475,1504,2542754
02/02/2022,1290.809082,1482.949951,1490,1443,1479.900024,9031146
03/02/2022,1265.871338,1454.300049,1479.800049,1449.099976,1478.900024,2433692
04/02/2022,1260.561646,1448.199951,1464.949951,1435,1464,2406272
07/02/2022,1257.16687,1444.300049,1465.75,1434,1450,2741520
08/02/2022,1248.375488,1434.199951,1456.150024,1420.199951,1446.5,1981111
09/02/2022,1266.306519,1454.800049,1470.949951,1440.050049,1440.050049,2282701
10/02/2022,1278.231567,1468.5,1472,1450.300049,1465,1850405
11/02/2022,1240.28064,1424.900024,1449.949951,1421,1449.849976,2426039
14/02/2022,1210.033081,1390.150024,1418.800049,1371,1390,2149302
15/02/2022,1253.119507,1439.650024,1442.599976,1395.050049,1404.050049,1955525
16/02/2022,1256.905884,1444,1463.949951,1428.849976,1450.5,2164650
17/02/2022,1259.99585,1447.550049,1461.449951,1440.25,1461.449951,1669669
18/02/2022,1251.639771,1437.949951,1445,1417.099976,1438.449951,2374188
21/02/2022,1234.448608,1418.199951,1440,1410.099976,1427.150024,2109461
22/02/2022,1229.530762,1412.550049,1420.699951,1375,1380.5,2111878
23/02/2022,1230.183594,1413.300049,1424.949951,1409.199951,1422,1319711
24/02/2022,1160.287842,1333,1400,1330,1370.5,4108603
25/02/2022,1209.641235,1389.699951,1400,1350.099976,1355,1885454
28/02/2022,1227.311035,1410,1419.849976,1363.25,1380,4983140
02/03/2022,1213.688843,1394.349976,1420.699951,1382.75,1400,2160190
03/03/2022,1241.803833,1426.650024,1443.599976,1405.150024,1409.800049,2730530
04/03/2022,1265.261841,1453.599976,1460,1398.5,1415,3567738
07/03/2022,1239.584106,1424.099976,1464,1411.050049,1428,3341715
08/03/2022,1272.530273,1461.949951,1466.900024,1420,1420,2365949
09/03/2022,1309.78479,1504.75,1511,1461.949951,1461.949951,3667977
10/03/2022,1292.898438,1485.349976,1525.949951,1474.5,1525,2835942
11/03/2022,1294.1604,1486.800049,1491.849976,1472.5,1476,1116432
14/03/2022,1308.261475,1503,1508.900024,1487,1487,1372791
15/03/2022,1269.614258,1458.599976,1515,1448,1514,2188506
16/03/2022,1296.858521,1489.900024,1494.5,1468.400024,1475.199951,1453944
17/03/2022,1299.99231,1493.5,1509.949951,1487,1505,2346185
21/03/2022,1288.067383,1479.800049,1520,1476.199951,1495,2110200
22/03/2022,1338.900635,1538.199951,1543.949951,1475.050049,1486.900024,3030660
23/03/2022,1342.338745,1542.150024,1561.699951,1529.199951,1550,3741783
24/03/2022,1365.318481,1568.550049,1571.949951,1530.150024,1530.150024,2085571
25/03/2022,1332.241943,1530.550049,1574.949951,1522.400024,1571,1755511
28/03/2022,1326.932129,1524.449951,1538.949951,1516.550049,1534,1928306
29/03/2022,1325.104248,1522.349976,1539.550049,1519.099976,1537,2311150
30/03/2022,1302.429688,1496.300049,1534.300049,1485,1534.300049,3792481
31/03/2022,1305.171509,1499.449951,1509.599976,1487.199951,1496.300049,2036984
01/04/2022,1294.421509,1487.099976,1502.650024,1475.449951,1499,2537230
04/04/2022,1304.475098,1498.650024,1504.300049,1483.650024,1487.099976,1675276
05/04/2022,1296.119019,1489.050049,1522.5,1480,1508,3207223
06/04/2022,1270.266968,1459.349976,1482,1454,1482,2627895
07/04/2022,1278.275146,1468.550049,1474.650024,1450.699951,1454,3336784
08/04/2022,1261.040405,1448.75,1483.400024,1440,1475,5402943
11/04/2022,1261.432007,1449.199951,1462.349976,1435.650024,1455.949951,3268704
12/04/2022,1231.66333,1415,1441.599976,1406.449951,1436.349976,2021088
13/04/2022,1227.702637,1410.449951,1428.699951,1403.400024,1418.099976,1430399
18/04/2022,1170.341309,1344.550049,1390,1330.199951,1390,3968044
19/04/2022,1132.60791,1301.199951,1361.849976,1285.650024,1361.849976,2677360
20/04/2022,1139.571411,1309.199951,1320.949951,1295.75,1305.400024,3025261
21/04/2022,1142.61792,1312.699951,1319,1297.449951,1313.900024,3728173
22/04/2022,1137.221191,1306.5,1324,1292.849976,1305,1954666
25/04/2022,1105.798584,1270.400024,1297.949951,1262.599976,1295,2686619
26/04/2022,1110.194214,1275.449951,1285.699951,1265,1281.400024,2568317
27/04/2022,1097.834229,1261.25,1274.5,1246.25,1267.75,2382463
28/04/2022,1106.582153,1271.300049,1284.400024,1250.199951,1273.800049,2576887
29/04/2022,1095.87561,1259,1284.800049,1248.349976,1284,3811317
02/05/2022,1071.677612,1231.199951,1249,1224.199951,1240,2149957
04/05/2022,1055.661743,1212.800049,1243.949951,1200,1232.449951,2797667
05/05/2022,1099.661987,1263.349976,1266.099976,1222.150024,1232.849976,3563713
06/05/2022,1123.512085,1290.75,1299,1228.699951,1239.699951,5745203
09/05/2022,1097.74707,1261.150024,1280,1210,1280,5712061
10/05/2022,1081.339233,1242.300049,1271.449951,1235,1255,2852416
11/05/2022,1065.802246,1224.449951,1265.650024,1207.300049,1243,3244609
12/05/2022,1055.661743,1212.800049,1232.849976,1197.050049,1209,3110220
13/05/2022,1047.000977,1202.849976,1234.550049,1195,1228,1892084
16/05/2022,1034.988892,1189.050049,1221,1156.949951,1190,3474480
17/05/2022,1042.953369,1198.199951,1210,1183.150024,1195.800049,4434968
18/05/2022,1020.19165,1172.050049,1230.5,1168.5,1209,5294021
19/05/2022,964.744812,1108.349976,1153.900024,1100,1153,4393100
20/05/2022,984.37323,1130.900024,1134.800049,1114.75,1128,2461651
23/05/2022,994.8182983,1142.900024,1147.800049,1115.650024,1134,2783695
24/05/2022,956.0405273,1098.349976,1151.849976,1091,1148,3666196
25/05/2022,922.789917,1060.150024,1094.900024,1045,1091.050049,4711542
26/05/2022,938.8494263,1078.599976,1089.5,1055.949951,1070,2946857
27/05/2022,977.7144165,1123.25,1126.199951,1092,1095,3367600
30/05/2022,1013.184509,1164,1170.5,1135.449951,1142.900024,2469771
31/05/2022,1027.329102,1180.25,1192,1148.650024,1152,9674664
01/06/2022,998.0388794,1146.599976,1197,1143.099976,1186.150024,2419021
02/06/2022,997.5167236,1146,1155.400024,1131.699951,1140,3206663
03/06/2022,999.1707153,1147.900024,1182,1144.099976,1160,3229236
06/06/2022,995.9498901,1144.199951,1149,1111.099976,1146,3938875
07/06/2022,983.8508301,1130.300049,1139.800049,1120.699951,1130.099976,1656444
08/06/2022,978.5412598,1124.199951,1139.300049,1119.900024,1134.900024,1303551
09/06/2022,991.0754395,1138.599976,1141.949951,1111.650024,1122,1323539
10/06/2022,966.050415,1109.849976,1123.900024,1100.25,1119,3119792
13/06/2022,915.6524048,1051.949951,1084.599976,1050,1081.199951,2012004
14/06/2022,896.6769409,1030.150024,1056.550049,1020.400024,1034,5775453
15/06/2022,887.8856201,1020.049988,1037,1017.799988,1037,3238141
16/06/2022,848.9336548,975.2999878,1033.599976,971,1024.050049,5600443
17/06/2022,840.0117188,965.0499878,974.3499756,943.7000122,971.0999756,7043370
20/06/2022,852.4589233,979.3499756,988.1500244,948.0499878,965,2985094
21/06/2022,870.5203857,1000.099976,1004.650024,980,991.4000244,3433536
22/06/2022,853.0247192,980,996.9500122,968,996.9500122,2719988
23/06/2022,862.6865234,991.0999756,998.5499878,971.25,981.0999756,2915172
24/06/2022,854.0693359,981.2000122,1001,974,1001,4056588
27/06/2022,876.7005615,1007.200012,1024.099976,996,996,3796002
28/06/2022,888.451416,1020.700012,1029,984.0499878,1002,2755698
29/06/2022,888.7994995,1021.099976,1027.400024,1002.549988,1008,3770663
30/06/2022,870.4333496,1000,1026,997,1016,3264301
01/07/2022,879.7471924,1010.700012,1014,989.2999878,997,1842102
04/07/2022,870.3899536,999.9500122,1013.799988,995,1010.700012,1814322
05/07/2022,873.2188721,1003.200012,1021.900024,999,1005,3045188
06/07/2022,879.0507202,1009.900024,1014.900024,1001.599976,1008,2188175
07/07/2022,888.494873,1020.75,1026.900024,1016,1020.950012,1901699
08/07/2022,893.499939,1026.5,1034.699951,1014.549988,1031,2841036
11/07/2022,877.005188,1007.549988,1017.349976,988,1015,2892507
12/07/2022,868.126709,997.3499756,1016.799988,994.5,1000,2013304
13/07/2022,861.772583,990.0499878,1004.200012,987.0499878,1001.400024,2067142
14/07/2022,849.3688965,975.7999878,998.5999756,968.7999878,998,2212219
15/07/2022,847.6279907,973.7999878,988.9000244,965.0499878,980,2544737
18/07/2022,877.3968506,1008,1022,984.2000122,985,3946821
19/07/2022,877.1357422,1007.700012,1010.950012,991,999.9500122,2985845
20/07/2022,910.038147,1045.5,1051.699951,1017.25,1021.25,5574762
21/07/2022,925.4967041,1032.75,1035.800049,1011.049988,1025,4935223
22/07/2022,921.8671875,1028.699951,1043.699951,1013.25,1040,2985409
25/07/2022,911.6063843,1017.25,1028.900024,1008.25,1028.900024,2888919
26/07/2022,895.5653687,999.3499756,1037.25,994.1500244,1015,5939871
27/07/2022,903.003418,1007.650024,1009.950012,992,1000,2546052
28/07/2022,930.201355,1038,1043.449951,1015.400024,1021.200012,3428026
29/07/2022,939.7454834,1048.650024,1068,1044.099976,1055,6185909
01/08/2022,940.5966797,1049.599976,1058.949951,1037.800049,1058.949951,2540084
02/08/2022,925.3622437,1032.599976,1049.5,1030,1046,2802273
03/08/2022,943.3300781,1052.650024,1057,1024.699951,1027.449951,3509019
04/08/2022,946.3770142,1056.050049,1072.699951,1036.199951,1063,5360632
05/08/2022,948.3035278,1058.199951,1067.949951,1050.449951,1060,2641829
08/08/2022,946.869751,1056.599976,1064.849976,1049.050049,1056,2579239
10/08/2022,945.6151733,1055.199951,1059.150024,1043.050049,1056,2823021
11/08/2022,965.3753052,1077.25,1093.900024,1070.199951,1072,3201408
12/08/2022,955.2039795,1065.900024,1076.400024,1062,1073.300049,1771561
16/08/2022,965.7785034,1077.699951,1079.949951,1056.550049,1076,2222701
17/08/2022,989.795166,1104.5,1106.900024,1072.199951,1072.5,4280823
18/08/2022,990.3778076,1105.150024,1109.199951,1088.099976,1100,3041422
19/08/2022,989.4815674,1104.150024,1135,1100,1110,4577717
22/08/2022,966.6745605,1078.699951,1100,1075.25,1096,2157609
23/08/2022,955.2039795,1065.900024,1070.099976,1047,1062,2875768
24/08/2022,959.7293701,1070.949951,1073.400024,1055.099976,1066,2180800
25/08/2022,959.4158325,1070.599976,1089.650024,1065.550049,1080,2734931
26/08/2022,972.8131714,1085.550049,1097.550049,1081,1083,2624896
29/08/2022,928.0059204,1035.550049,1047.599976,1017.299988,1046,6118233
30/08/2022,964.3446045,1076.099976,1080.5,1042.300049,1048,4453769
01/09/2022,943.5540161,1052.900024,1065,1043.099976,1056,6112823
02/09/2022,946.6906128,1056.400024,1066.5,1047.050049,1058.199951,1645341
05/09/2022,954.4422607,1065.050049,1070.800049,1054.800049,1056,1677079
06/09/2022,953.2324219,1063.699951,1071,1050.300049,1065.050049,3051076
07/09/2022,946.1976929,1055.849976,1061,1044,1052,2615897
08/09/2022,976.442627,1089.599976,1092.900024,1067.099976,1070,2634786
09/09/2022,1009.644958,1126.650024,1132.349976,1086.25,1102.650024,3394349
12/09/2022,1030.659302,1150.099976,1165,1139.949951,1140,5230075
13/09/2022,1028.284668,1147.449951,1164.449951,1143.099976,1156,2483685
14/09/2022,998.9358521,1114.699951,1121.849976,1095,1112,5179539
15/09/2022,970.5280151,1083,1124.300049,1078,1120.300049,3392174
16/09/2022,925.8999634,1033.199951,1073.949951,1028,1065,6635089
19/09/2022,931.5457153,1039.5,1051.849976,1023.099976,1036,2485826
20/09/2022,946.4664917,1056.150024,1065.699951,1050,1054,2321528
21/09/2022,950.0510864,1060.150024,1066.949951,1047,1047.199951,2760138
22/09/2022,939.5213623,1048.400024,1072,1042.25,1050,3867282
23/09/2022,927.6025391,1035.099976,1049.900024,1022,1038,3230711
26/09/2022,925.6311035,1032.900024,1052.25,1013.549988,1029,3314114
27/09/2022,916.3111572,1022.5,1045,1019.049988,1034.949951,4448875
28/09/2022,922.7633057,1029.699951,1036.400024,1008.549988,1016,1965519
29/09/2022,902.510437,1007.099976,1044.5,1001.650024,1042.849976,3176310
30/09/2022,903.8546753,1008.599976,1018.799988,984.5499878,1001,3848885
03/10/2022,901.0765991,1005.5,1018.25,999.1500244,1010,2431236
04/10/2022,921.5088501,1028.300049,1036,1017.900024,1022,2715420
06/10/2022,924.1973267,1031.300049,1045,1027.349976,1033.449951,2397633
07/10/2022,917.5209351,1023.849976,1036.449951,1021.049988,1029.900024,1539126
10/10/2022,922.4497681,1029.349976,1033,1003.5,1008.099976,1660433
11/10/2022,900.4941406,1004.849976,1035,1000.549988,1034.5,2310765
12/10/2022,910.3966675,1015.900024,1018.799988,998.2000122,1007.799988,2192421
13/10/2022,907.7529297,1012.950012,1021,1003.049988,1018.849976,1344162
14/10/2022,913.9363403,1019.849976,1049.900024,1016.049988,1035,3492929
17/10/2022,916.9832764,1023.25,1027.949951,1007.450012,1019,1426207
18/10/2022,913.5330811,1019.400024,1033.949951,1014,1028.400024,2395805
19/10/2022,913.3538208,1019.200012,1030,1016.299988,1024.5,1304927
20/10/2022,933.4723511,1041.650024,1043.400024,1007,1010,1852905
21/10/2022,933.0244141,1041.150024,1044.349976,1031.099976,1041.650024,1202009
24/10/2022,939.2974243,1048.150024,1051.150024,1045,1051,231316
25/10/2022,970.0800781,1082.5,1086,1051,1053.400024,3097049
27/10/2022,964.1206665,1075.849976,1098,1067.150024,1093.300049,2342818
28/10/2022,940.0141602,1048.949951,1081,1045.050049,1081,1542568
31/10/2022,952.963562,1063.400024,1078.300049,1053,1053.25,2629847
01/11/2022,959.6847534,1070.900024,1080,1047.150024,1069,4709472
02/11/2022,969.631897,1082,1098.699951,1066.349976,1071,4104485
03/11/2022,943.5092773,1052.849976,1071.150024,1050.150024,1070,3460133
04/11/2022,944.2261963,1053.650024,1058.800049,1038.75,1053,2531080
07/11/2022,944.0916748,1053.5,1067.900024,1044.449951,1058.949951,2588984
09/11/2022,937.8919067,1028.699951,1048.949951,1025.050049,1047,2697639
10/11/2022,930.9628296,1021.099976,1034,1005.25,1015,3285774
11/11/2022,965.2437134,1058.699951,1066,1046.199951,1049,5299457
14/11/2022,971.3067017,1065.349976,1074.449951,1055.449951,1062,2229790
15/11/2022,972.7654419,1066.949951,1070.5,1050,1065,1577944
16/11/2022,972.6743774,1066.849976,1075,1059,1066,2335937
17/11/2022,965.1070557,1058.550049,1061.849976,1047.300049,1060,2089630
18/11/2022,967.2039795,1060.849976,1065,1046,1060,1617331
21/11/2022,950.5650024,1042.599976,1057.900024,1037.800049,1055.099976,1475958
22/11/2022,957.9043579,1050.650024,1052.900024,1036.050049,1042.599976,1696991
23/11/2022,951.887146,1044.050049,1058.650024,1041.349976,1055.949951,1704144
24/11/2022,974.90802,1069.300049,1071,1046,1049.300049,2208145
25/11/2022,984.800293,1080.150024,1082.900024,1060,1070,1943246
28/11/2022,982.1105957,1077.199951,1091,1071.400024,1075,1749691
29/11/2022,979.6947632,1074.550049,1085.449951,1072.800049,1076.099976,1233868
30/11/2022,981.9283447,1077,1082,1063.199951,1074.75,3909954
01/12/2022,1004.265625,1101.5,1107.949951,1088.150024,1091.400024,4264917
02/12/2022,1016.345947,1114.75,1116.300049,1100.050049,1101.5,3418928
05/12/2022,1002.670105,1099.75,1120,1096.25,1120,2760688
06/12/2022,992.6868286,1088.800049,1096.150024,1080.050049,1089,1838107
07/12/2022,982.8856201,1078.050049,1087.300049,1074.199951,1086,1478573
08/12/2022,979.3300171,1074.150024,1082.400024,1070.300049,1078.099976,1110431
09/12/2022,943.9094238,1035.300049,1075.699951,1030.199951,1073.949951,3138360
12/12/2022,940.9918823,1032.099976,1044.400024,1021.799988,1034,1689393
13/12/2022,953.4368896,1045.75,1047.449951,1030.150024,1039.849976,1983827
14/12/2022,971.0788574,1065.099976,1068.050049,1051,1051,1983937
15/12/2022,932.4672241,1022.75,1060,1020.25,1060,5184673
16/12/2022,930.68927,1020.799988,1033.5,1011,1015,2994364
19/12/2022,936.0685425,1026.699951,1028.099976,1009.75,1019.950012,1529622
20/12/2022,928.0909424,1017.950012,1025,1004,1025,2149130
21/12/2022,935.4759521,1026.050049,1030.550049,1020.25,1024.5,2037666
22/12/2022,926.1763306,1015.849976,1035,1012.599976,1030,1925482
23/12/2022,907.850647,995.75,1015.5,993,1005.049988,1504806
26/12/2022,912.637207,1001,1006.5,993,1000.349976,966423
27/12/2022,920.4324951,1009.549988,1012.599976,993.2000122,1009.700012,1615647
28/12/2022,926.5410156,1016.25,1019.400024,1002.200012,1005.299988,1077963
29/12/2022,923.760376,1013.200012,1015.700012,1007,1010,1977329
30/12/2022,926.6777954,1016.400024,1027.650024,1015,1022.75,1317151
02/01/2023,920.3868408,1009.5,1021.849976,1005.200012,1017.900024,1348611
03/01/2023,933.4245605,1023.799988,1024.800049,1008.049988,1013,1439615
04/01/2023,930.2335205,1020.299988,1029.349976,1012.099976,1023.799988,1702044
05/01/2023,922.347229,1011.650024,1024.949951,1004.5,1021,1376035
06/01/2023,899.0981445,986.1500244,1011.650024,985,1009.5,2346808
09/01/2023,925.6292114,1015.25,1021,995.4000244,997.9500122,2190779
10/01/2023,914.1415405,1002.650024,1014.049988,999.0499878,1013,1411099
11/01/2023,917.5149536,1006.349976,1016.950012,1003.25,1008.450012,1294200
12/01/2023,913.1386108,1001.549988,1013.5,997.2999878,1010,1948321
13/01/2023,914.5974731,1003.150024,1009,986.2999878,1004.450012,2837817
16/01/2023,943.1343994,1034.449951,1035.75,1003.25,1008.200012,4286551
17/01/2023,953.7105103,1046.050049,1050,1030.900024,1034,2466876
18/01/2023,955.8074341,1048.349976,1051.5,1043.5,1046.050049,1138627
19/01/2023,960.3204346,1053.300049,1054,1040.099976,1043.900024,1768051
20/01/2023,954.1207886,1046.5,1057.5,1041.849976,1052.5,1160517
23/01/2023,971.2612305,1065.300049,1069.599976,1047.25,1053.5,1344952
24/01/2023,976.0932617,1070.599976,1077.300049,1065.300049,1070,1578750
25/01/2023,958.3602295,1051.150024,1067.699951,1049,1065,1049973
27/01/2023,939.168396,1030.099976,1057.650024,1021.5,1051,1651820
30/01/2023,944.6386719,1036.099976,1047.949951,1018.400024,1030.099976,2654212
31/01/2023,925.4013672,1015,1028.849976,996.0499878,1025,5797831
01/02/2023,933.3788452,1023.75,1034.5,1003.299988,1018.049988,1939670
02/02/2023,926.9057617,1016.650024,1044.25,1011.099976,1027.300049,3860090
03/02/2023,922.0279541,1011.299988,1026.900024,1003,1024.449951,2980262
06/02/2023,916.6032104,1005.349976,1016.400024,997,1006,2003960
07/02/2023,913.9592285,1002.450012,1008.450012,997,1005,1697633
08/02/2023,921.8000488,1011.049988,1021.150024,1004.349976,1007.5,2611176
09/02/2023,926.3131104,1016,1017.700012,1002.599976,1011.049988,1782899
10/02/2023,927.5439453,1017.349976,1021.599976,1004.099976,1011.549988,1116554
13/02/2023,914.0048218,1002.5,1017.799988,1000.5,1015,1682312
14/02/2023,922.711792,1012.049988,1025.699951,1005.75,1006.049988,2440189
15/02/2023,976.8226929,1071.400024,1075,1008.299988,1014.900024,6712218
16/02/2023,1030.477661,1130.25,1141.050049,1074.050049,1075,14422445
17/02/2023,1029.520508,1129.199951,1139,1108.099976,1108.099976,5333732
20/02/2023,1043.196289,1144.199951,1156.849976,1120,1129.5,4590531
21/02/2023,1034.307129,1134.449951,1151.949951,1131.050049,1146,3494288
22/02/2023,1026.329468,1125.699951,1134.25,1118,1122,2674708
23/02/2023,1029.155762,1128.800049,1149.5,1124.050049,1127,2576193
24/02/2023,1020.220764,1119,1141,1116,1137,1913493
27/02/2023,1015.616699,1113.949951,1118.25,1096.849976,1109,2247105
28/02/2023,1003.126038,1100.25,1135.5,1096.75,1118,3894204
01/03/2023,1027.423462,1126.900024,1129,1097,1100.25,2084324
02/03/2023,1011.832886,1109.800049,1124,1105,1120,1838692
03/03/2023,989.3589478,1085.150024,1119.599976,1082.449951,1118,2388401
06/03/2023,993.826416,1090.050049,1096,1085,1092,2076844
08/03/2023,983.1135864,1078.300049,1088.400024,1069.599976,1080,2230530
09/03/2023,966.4290161,1060,1083.349976,1057.349976,1082,2550755
10/03/2023,967.5687256,1061.25,1062.949951,1041.050049,1045,1400844
13/03/2023,1033.714355,1133.800049,1164.699951,1125,1125,13080169
14/03/2023,1016.847473,1115.300049,1138.25,1098.400024,1128,4325522
15/03/2023,1016.026917,1114.400024,1132.199951,1110.550049,1124.900024,2583351
16/03/2023,1019.081177,1117.75,1122.599976,1101.050049,1106,2396839
17/03/2023,1027.651489,1127.150024,1132.5,1114.199951,1123.349976,2507004
20/03/2023,1011.103516,1109,1136.800049,1096,1136.800049,4007438
21/03/2023,998.9320068,1095.650024,1109.849976,1086.449951,1104.949951,3354949
22/03/2023,1002.533325,1099.599976,1106.300049,1093.550049,1097,1750203
23/03/2023,1002.396545,1099.449951,1112,1087.099976,1087.099976,1720354
24/03/2023,1004.675903,1101.949951,1118,1096.650024,1105,1943460
27/03/2023,1005.63324,1103,1113.650024,1090.099976,1090.099976,1455300
28/03/2023,975.8198242,1070.300049,1104.599976,1066.199951,1099,2431154
29/03/2023,985.6665649,1081.099976,1087.400024,1065.099976,1075.699951,1642278
31/03/2023,1004.584656,1101.849976,1106,1091.449951,1095,2281085
03/04/2023,1005.815552,1103.199951,1105,1085.099976,1104.599976,1508662
05/04/2023,1006.08905,1103.5,1115,1098.599976,1102,1947605
06/04/2023,996.288147,1092.75,1104.949951,1083,1104,1355815
10/04/2023,1009.507996,1107.25,1111.75,1090.849976,1096.349976,940829
11/04/2023,1001.30249,1098.25,1117,1092.400024,1108,1384483
12/04/2023,1011.924133,1109.900024,1113.5,1090.800049,1103,1376719
13/04/2023,990.9087524,1086.849976,1100.25,1076,1100.25,2725180
17/04/2023,939.0316162,1029.949951,1038,1002,1035,4349422
18/04/2023,934.7009277,1025.199951,1037.75,1011,1034.800049,2735592
19/04/2023,924.3985596,1013.900024,1029,1010,1025.199951,1953837
20/04/2023,931.6011353,1021.799988,1023.799988,1010.049988,1015.099976,1250758
21/04/2023,910.5858765,998.75,1019.599976,993.8499756,1014.299988,4269272
24/04/2023,917.2869263,1006.099976,1007.450012,991,1002,1625433
25/04/2023,908.9902954,997,1006.099976,994.4000244,1006,1984203
26/04/2023,908.3521118,996.2999878,1002.5,992.7000122,997,1589700
27/04/2023,914.5974731,1003.150024,1008.650024,993,999,3543950
28/04/2023,933.3334351,1023.700012,1026.699951,981.0499878,981.9500122,5146250
02/05/2023,960.4572144,1053.449951,1065.800049,1020.400024,1020.400024,4762884
03/05/2023,947.8297119,1039.599976,1050.75,1038.25,1039.900024,2217136
04/05/2023,953.1633911,1045.449951,1047.050049,1028.849976,1033,1744298
05/05/2023,944.9123535,1036.400024,1050.699951,1031.550049,1046,1222282
08/05/2023,951.2487793,1043.349976,1047,1035.300049,1040.949951,1487285
09/05/2023,955.3060303,1047.800049,1051.449951,1039.849976,1048.400024,1747630
10/05/2023,953.8016357,1046.150024,1051,1038.150024,1048,1186977
11/05/2023,951.887146,1044.050049,1058.800049,1042.949951,1055,1451786
12/05/2023,953.9839478,1046.349976,1053.5,1034.050049,1044.050049,1140016
15/05/2023,970.486145,1064.449951,1069.900024,1042,1046,2122222
16/05/2023,963.8762207,1057.199951,1071.800049,1053,1069.900024,1343911
17/05/2023,961.095459,1054.150024,1066.400024,1039,1058,2803566
18/05/2023,956.1264648,1048.699951,1059.949951,1045.050049,1059,909923
19/05/2023,977.5065308,1072.150024,1078.75,1049,1056.550049,2624323
22/05/2023,1006.955139,1104.449951,1110.449951,1070.099976,1072,2996190
23/05/2023,994.2366943,1090.5,1119.199951,1086.400024,1104,1414119
24/05/2023,1001.758362,1098.75,1103.349976,1085,1085.25,1782245
25/05/2023,1001.165833,1098.099976,1100,1081.550049,1097,1200289
26/05/2023,1016.345947,1114.75,1120.400024,1099,1099,2104054
29/05/2023,1015.707825,1114.050049,1128.050049,1110.099976,1128.050049,1432241
30/05/2023,1001.439331,1098.400024,1120.800049,1095,1115,2822485
31/05/2023,1017.075256,1115.550049,1127.449951,1096,1098.400024,7599886
01/06/2023,1021.862061,1120.800049,1136.699951,1117.599976,1122,1412280
02/06/2023,1023.958801,1123.099976,1139.199951,1117.599976,1128,1907589
05/06/2023,1011.422791,1109.349976,1134.550049,1107.5,1124.099976,1754521
06/06/2023,990.3618774,1086.25,1102,1071.550049,1100,3284841
07/06/2023,998.9776001,1095.699951,1099,1084.199951,1095,2086377
08/06/2023,976.7313843,1071.300049,1101.5,1069,1101,4054486
09/06/2023,969.2098999,1063.050049,1079,1060.099976,1079,2782697
12/06/2023,979.8770752,1074.75,1079,1062.150024,1066,1767945
13/06/2023,984.1165161,1079.400024,1087.900024,1075.400024,1079.550049,1846534
14/06/2023,982.4754028,1077.599976,1084.949951,1071.050049,1080,1321534
15/06/2023,986.031189,1081.5,1083.5,1069.349976,1078.949951,1389325
16/06/2023,982.1105957,1077.199951,1086.949951,1071.449951,1083.5,4392418
19/06/2023,997.0629272,1093.599976,1095.800049,1074.050049,1079,2188899
20/06/2023,1009.599121,1107.349976,1110.949951,1088.199951,1093.599976,3318866
21/06/2023,1021.041382,1119.900024,1120.75,1104.099976,1107.349976,1985965
22/06/2023,1020.266418,1119.050049,1126.25,1110.400024,1116.900024,2360795
23/06/2023,1017.029724,1115.5,1118,1094.050049,1114,3492348
26/06/2023,1013.747559,1111.900024,1126,1108.300049,1112.199951,1432154
27/06/2023,1020.85907,1119.699951,1121,1106.699951,1109,1227245
28/06/2023,1010.283081,1108.099976,1126.949951,1104.699951,1120,1876800
30/06/2023,1031.024902,1130.849976,1132.5,1110.599976,1114.650024,2478834
03/07/2023,1022.454407,1121.449951,1136.900024,1115.099976,1136,1899656
04/07/2023,1046.660889,1148,1156,1120.099976,1123.550049,2773593
05/07/2023,1071.277344,1175,1184.949951,1146.5,1150.800049,3732838
06/07/2023,1075.152222,1179.25,1184,1162,1175,2520085
07/07/2023,1053.95459,1156,1184.300049,1151.25,1170,2261102
10/07/2023,1045.885864,1147.150024,1159.949951,1135.599976,1159.949951,2088505
11/07/2023,1058.923584,1161.449951,1166.199951,1145.099976,1154.650024,1212566
12/07/2023,1057.054443,1159.400024,1169,1153.449951,1166,1274203
13/07/2023,1071.505493,1175.25,1191.900024,1153.5,1159.400024,3215610
14/07/2023,1120.191528,1228.650024,1232,1183,1183.949951,6033106
17/07/2023,1132.727783,1242.400024,1270.75,1220.650024,1235.900024,4880073
18/07/2023,1137.422974,1247.550049,1258.400024,1225,1243,2666872
19/07/2023,1134.824585,1244.699951,1261.699951,1231.099976,1255,2293881
20/07/2023,1142.346436,1252.949951,1255.5,1235.599976,1245,2000345
21/07/2023,1118.160645,1195.099976,1217.949951,1181,1199.5,5032086
24/07/2023,1087.051392,1161.849976,1203.949951,1155.25,1196.5,2669308
25/07/2023,1082.045776,1156.5,1164.699951,1145,1164,2557865
26/07/2023,1069.601929,1143.199951,1167,1139.449951,1158,3170213
27/07/2023,1029.089478,1099.900024,1125,1082.300049,1111,17594818
28/07/2023,1020.809387,1091.050049,1100,1085.050049,1100,4244321
31/07/2023,1043.685181,1115.5,1119,1087.150024,1095,4766331
01/08/2023,1069.88269,1143.5,1154.5,1119.900024,1120,3805214
02/08/2023,1071.894287,1145.650024,1152.599976,1125.599976,1143,2357217
03/08/2023,1069.227783,1142.800049,1146.949951,1121.300049,1140,2348236
04/08/2023,1099.541748,1175.199951,1181.849976,1142.800049,1153.949951,3580506
07/08/2023,1107.447876,1183.650024,1192.849976,1172.099976,1180,1694290
08/08/2023,1127.797607,1205.400024,1208.900024,1175.099976,1186,5137402
09/08/2023,1148.942627,1228,1236.5,1200.199951,1206.949951,3396984
10/08/2023,1156.240479,1235.800049,1239.199951,1215.599976,1220,3715680
11/08/2023,1141.87854,1220.449951,1250.349976,1215.300049,1235.800049,2933959
14/08/2023,1141.223633,1219.75,1221.199951,1203,1212.099976,1842625
16/08/2023,1148.802368,1227.849976,1239,1220,1221,2341456
17/08/2023,1152.451294,1231.75,1233.900024,1214.550049,1225,2636308
18/08/2023,1132.849976,1210.800049,1225.949951,1205.150024,1225.949951,1794430
21/08/2023,1140.381836,1218.849976,1224,1204.349976,1205,1175945
22/08/2023,1135.095459,1213.199951,1223,1209.25,1218.849976,1003208
23/08/2023,1123.68103,1201,1218.849976,1199.199951,1213.199951,1569035
24/08/2023,1121.903076,1199.099976,1216.5,1196.699951,1206.199951,1218843
25/08/2023,1112.921265,1189.5,1197.199951,1178.449951,1190,1213340
28/08/2023,1108.476929,1184.75,1196.300049,1182.300049,1189.550049,950013
29/08/2023,1120.873779,1198,1207.900024,1188.25,1192.400024,1419344
30/08/2023,1120.125488,1197.199951,1221.599976,1194.550049,1207.949951,2016339
31/08/2023,1124.56958,1201.949951,1214.5,1198,1199,2817747
01/09/2023,1148.98938,1228.050049,1229.900024,1204.050049,1205,1686038
04/09/2023,1175.841675,1256.75,1266,1225.550049,1235,3466873
05/09/2023,1173.783447,1254.550049,1266.599976,1248.650024,1258.75,2199985
06/09/2023,1168.543701,1248.949951,1259.599976,1235.849976,1254.550049,1753376
07/09/2023,1187.536865,1269.25,1274.849976,1238.650024,1248.949951,2554884
08/09/2023,1181.642578,1262.949951,1278,1259.050049,1272,1731105
11/09/2023,1187.16272,1268.849976,1275,1263.5,1265,1293853
12/09/2023,1184.496216,1266,1283.800049,1251.550049,1271.800049,2335224
13/09/2023,1179.256836,1260.400024,1268.75,1253.900024,1260.300049,1204376
14/09/2023,1197.454468,1279.849976,1289.349976,1262,1262,3288631
15/09/2023,1216.354126,1300.050049,1303.699951,1274,1278.199951,4316210
18/09/2023,1206.764038,1289.800049,1302,1283,1301,1967717
20/09/2023,1192.308594,1274.349976,1289.150024,1269.050049,1282,2843560
21/09/2023,1208.494995,1291.650024,1296,1265.900024,1275.949951,2960250
22/09/2023,1221.312866,1305.349976,1320,1284,1290.050049,3252940
25/09/2023,1215.792725,1299.449951,1314.400024,1296.050049,1305.349976,2100302
26/09/2023,1199.746948,1282.300049,1303.050049,1279.150024,1300,1141475
27/09/2023,1205.687988,1288.650024,1293.900024,1264,1269.949951,1568115
28/09/2023,1150.346191,1229.5,1274.050049,1222,1274.050049,6570797
29/09/2023,1144.077393,1222.800049,1231.650024,1210,1224,2861162
03/10/2023,1137.902344,1216.199951,1230.699951,1212.550049,1220.599976,1622290
04/10/2023,1127.42334,1205,1215.5,1186.050049,1210,2340603
05/10/2023,1127.984619,1205.599976,1223.949951,1199.5,1214,2497613
06/10/2023,1138.557373,1216.900024,1223,1205,1207,1446719
09/10/2023,1134.580933,1212.650024,1227.75,1202.150024,1203.25,1451064
10/10/2023,1148.708618,1227.75,1231.449951,1213,1215.199951,1503359
11/10/2023,1152.310791,1231.599976,1238.900024,1222,1230.099976,1622663
12/10/2023,1121.575684,1198.75,1232,1189.300049,1232,2452842
13/10/2023,1117.22522,1194.099976,1202.949951,1180,1187,3266079
16/10/2023,1108.33667,1184.599976,1198.25,1180.800049,1195.300049,2638043
17/10/2023,1120.499756,1197.599976,1203,1188.449951,1190,1163897
18/10/2023,1110.675781,1187.099976,1202,1178.050049,1200,2337078
19/10/2023,1096.68811,1172.150024,1185.449951,1167.800049,1170.550049,3107691
20/10/2023,1095.331543,1170.699951,1176,1148.400024,1170,2962470
23/10/2023,1081.531128,1155.949951,1170.949951,1151.550049,1164.099976,1203959
25/10/2023,1068.619507,1142.150024,1165.900024,1136.5,1162,1555285
26/10/2023,1043.63855,1115.449951,1120,1098.150024,1100.050049,7099401
27/10/2023,1048.410278,1120.550049,1125.949951,1114.050049,1119.949951,1382498
30/10/2023,1054.351318,1126.900024,1138.900024,1115.5,1120.550049,2255915
31/10/2023,1060.198975,1133.150024,1137.150024,1115.550049,1126.900024,1194765
01/11/2023,1052.667236,1125.099976,1138,1119.949951,1130.949951,1288497
02/11/2023,1054.93689,1115.5,1130,1113.800049,1125,2493118
03/11/2023,1071.581299,1133.099976,1136,1116,1124,1108121
06/11/2023,1080.140015,1142.150024,1144.800049,1134.349976,1137.5,572330
07/11/2023,1086.618042,1149,1150.300049,1136.550049,1142,902481
08/11/2023,1077.302856,1139.150024,1152.849976,1137.050049,1151.75,806162
09/11/2023,1062.928101,1123.949951,1141,1117.199951,1140,6042108
10/11/2023,1076.357178,1138.150024,1139.75,1121.5,1122,706806
13/11/2023,1069.92627,1131.349976,1142.150024,1128,1140.599976,435537
15/11/2023,1110.024414,1173.75,1178.849976,1143.5,1145,2816201
16/11/2023,1141.658325,1207.199951,1214.949951,1167.400024,1175,2294942
17/11/2023,1137.449829,1202.75,1213.949951,1198,1212.199951,1176628
20/11/2023,1146.008667,1211.800049,1222.5,1202.75,1204.900024,1077366
21/11/2023,1139.10498,1204.5,1221.150024,1200.400024,1219.949951,1129326
22/11/2023,1149.413086,1215.400024,1218,1204,1205,750622
23/11/2023,1145.157471,1210.900024,1220.900024,1206.949951,1215,651637
24/11/2023,1132.815918,1197.849976,1214.949951,1195.099976,1212.050049,884921
28/11/2023,1137.118896,1202.400024,1209,1186,1195.099976,910795
29/11/2023,1155.371216,1221.699951,1234.599976,1206.650024,1207,1898448
30/11/2023,1154.661743,1220.949951,1228.300049,1208.699951,1222,2978406
01/12/2023,1154.283569,1220.550049,1226.800049,1211.550049,1226.800049,1017856
04/12/2023,1157.45166,1223.900024,1249.199951,1218,1238,1581599
05/12/2023,1154.330688,1220.599976,1226.25,1208.849976,1224,1499843
06/12/2023,1158.680908,1225.199951,1247,1218.650024,1223,2637916
07/12/2023,1156.836914,1223.25,1231,1220.099976,1226,1076885
08/12/2023,1158.775635,1225.300049,1237.949951,1217.25,1230,2642571
11/12/2023,1166.341309,1233.300049,1240.5,1225.300049,1231,1558876
12/12/2023,1159.579468,1226.150024,1245,1218.650024,1237.949951,1114846
13/12/2023,1150.074951,1216.099976,1233.949951,1197.050049,1226,3025706
14/12/2023,1196.036499,1264.699951,1269.800049,1230.150024,1235,5287733
15/12/2023,1235.188843,1306.099976,1324.800049,1262.5,1270,5900381
18/12/2023,1221.617798,1291.75,1333.050049,1286.449951,1305,2671348
19/12/2023,1211.877197,1281.449951,1300.949951,1269.199951,1300,1717860
20/12/2023,1180.810547,1248.599976,1314,1238.199951,1291,2860865
21/12/2023,1182.229126,1250.099976,1258.550049,1226,1232,3337533
22/12/2023,1205.919189,1275.150024,1280.900024,1242.5,1260,2297352
26/12/2023,1212.397339,1282,1288.75,1260.550049,1275,1720830
27/12/2023,1210.647705,1280.150024,1291.5,1267.25,1287.900024,1584695
28/12/2023,1216.132813,1285.949951,1289,1270.550049,1285,2284964
29/12/2023,1203.554932,1272.650024,1291.949951,1268.099976,1285.949951,1187193
01/01/2024,1226.724731,1297.150024,1303.800049,1265.25,1273,1776828
02/01/2024,1208.708984,1278.099976,1299.099976,1272.849976,1298,1615064
03/01/2024,1176.649414,1244.199951,1274,1240,1265,2231707
04/01/2024,1179.770386,1247.5,1254.699951,1231.699951,1250.099976,3355191
05/01/2024,1180.526978,1248.300049,1271.849976,1245.550049,1254.900024,1756868
08/01/2024,1162.227417,1228.949951,1254.25,1221.400024,1250.199951,1320667
09/01/2024,1168.563721,1235.650024,1251.199951,1232.599976,1240.550049,994439
10/01/2024,1173.528687,1240.900024,1246.449951,1228.300049,1236.5,808638
11/01/2024,1181.567139,1249.400024,1261.800049,1240.900024,1240.900024,930492
12/01/2024,1237.032959,1308.050049,1311.75,1267,1271.800049,5023455
15/01/2024,1265.025757,1337.650024,1401.5,1333.849976,1335,6012767
16/01/2024,1248.712402,1320.400024,1332.199951,1310.5,1330.099976,1883106
17/01/2024,1254.717651,1326.75,1334.5,1305.25,1306,2313059
18/01/2024,1281.575806,1355.150024,1369.5,1306,1326.699951,4533782
19/01/2024,1314.439087,1389.900024,1397.849976,1355,1373.900024,4463826
23/01/2024,1292.451416,1366.650024,1416.300049,1356.75,1396.5,2683661
24/01/2024,1331.509033,1407.949951,1410.5,1365.550049,1372.949951,2008135
25/01/2024,1250.272705,1322.050049,1356.349976,1312.050049,1348,8424862
29/01/2024,1242.990967,1314.349976,1338,1311,1338,2495791
30/01/2024,1246.300781,1317.849976,1340.949951,1315,1323.949951,2293154
31/01/2024,1261.243164,1333.650024,1336,1312.300049,1318.099976,1798462
01/02/2024,1241.241333,1312.5,1336.349976,1309.75,1330,2286420
02/02/2024,1265.451416,1338.099976,1354,1323.050049,1323.5,1838847
05/02/2024,1260.391968,1332.75,1353.099976,1328,1345.800049,953919
06/02/2024,1277.698486,1351.050049,1362.400024,1328.099976,1330,2713529
07/02/2024,1246.442749,1318,1358.699951,1314.050049,1351.5,2004588
08/02/2024,1238.167725,1309.25,1329.650024,1302,1326,2308756
09/02/2024,1239.870117,1311.050049,1321.449951,1305.949951,1317,1085349
12/02/2024,1247.199219,1318.800049,1331,1311.099976,1318.400024,1149683
13/02/2024,1256.325195,1328.449951,1334.800049,1300,1321.949951,1127361
14/02/2024,1222.705444,1292.900024,1319.949951,1282.650024,1310,3426103
15/02/2024,1229.750854,1300.349976,1308,1291.550049,1304.699951,1703763
16/02/2024,1231.831543,1302.550049,1309.199951,1298,1305.099976,1994659
19/02/2024,1238.876953,1310,1318,1287.449951,1302.949951,1496111
20/02/2024,1248.85437,1320.550049,1323.650024,1302,1310,2113200
21/02/2024,1226.20459,1296.599976,1325,1292.199951,1320,1769508
22/02/2024,1255.994263,1328.099976,1330.5,1299.349976,1307,2201424
23/02/2024,1250.461914,1322.25,1342.550049,1316.300049,1338.900024,1660506
26/02/2024,1227.765015,1298.25,1324.900024,1295,1322.25,1196507
27/02/2024,1225.684448,1296.050049,1305.050049,1283.699951,1295,1488661
28/02/2024,1216.038208,1285.849976,1306.050049,1271,1302,1289779
29/02/2024,1204.689697,1273.849976,1285.199951,1264.25,1280,2251498
01/03/2024,1202.751099,1271.800049,1287,1268,1287,1560034
04/03/2024,1210.553223,1280.050049,1285.5,1270.099976,1275.599976,1843831
05/03/2024,1203.413086,1272.5,1279.900024,1259.099976,1274.900024,1420379
06/03/2024,1201.994507,1271,1274.349976,1250.099976,1267.5,2064350
07/03/2024,1218.213379,1288.150024,1293.099976,1265.550049,1275,2073691
11/03/2024,1219.017212,1289,1296.300049,1275.5,1288.150024,1577732
12/03/2024,1222.138062,1292.300049,1307.650024,1277.699951,1295,1963068
13/03/2024,1207.85791,1277.199951,1299.400024,1266.300049,1292.300049,2001399
14/03/2024,1223.130981,1293.349976,1297.449951,1258.050049,1272,2129097
15/03/2024,1212.586182,1282.199951,1293,1268.5,1293,2499025
18/03/2024,1203.554932,1272.650024,1287.449951,1268.050049,1282,630807
19/03/2024,1184.262329,1252.25,1272.650024,1248.900024,1270,1243420
20/03/2024,1195.658203,1264.300049,1272,1247,1252,1139621
21/03/2024,1213.106445,1282.75,1287.449951,1270.650024,1275,1420041
22/03/2024,1194.097778,1262.650024,1279.900024,1236.099976,1258.5,2990908
26/03/2024,1186.248291,1254.349976,1271.599976,1251,1262.25,2144358
27/03/2024,1185.728271,1253.800049,1263.150024,1246.550049,1258,2128854
28/03/2024,1180.337646,1248.099976,1264.949951,1242,1260,2436133
01/04/2024,1176.980469,1244.550049,1261.150024,1242,1252.099976,1397037
02/04/2024,1169.651245,1236.800049,1251.949951,1235.099976,1244,1320357
03/04/2024,1187.005005,1255.150024,1263,1240,1240,1819093
04/04/2024,1209.796631,1279.25,1289,1246.900024,1260,2460669
05/04/2024,1194.807007,1263.400024,1275.949951,1260.199951,1275,1184658
08/04/2024,1196.462036,1265.150024,1270,1256.099976,1270,686932
09/04/2024,1183.458618,1251.400024,1281,1242.75,1265.099976,1198161
10/04/2024,1197.549561,1266.300049,1273.449951,1252,1260.449951,1994380
12/04/2024,1174.663574,1242.099976,1269.75,1238,1264.949951,2887322
15/04/2024,1152.581299,1218.75,1240.650024,1211,1235,2153147
16/04/2024,1130.877197,1195.800049,1213.150024,1191,1205,2085459
18/04/2024,1115.604126,1179.650024,1207.849976,1176.050049,1199.550049,3242357
19/04/2024,1128.844116,1193.650024,1204.849976,1162.949951,1163.050049,2572144
22/04/2024,1142.462158,1208.050049,1216.699951,1195.099976,1196.099976,1364143
23/04/2024,1135.085571,1200.25,1218,1198.800049,1218,1460983
24/04/2024,1121.325562,1185.699951,1207.949951,1181.5,1207.949951,1375843
25/04/2024,1125.675781,1190.300049,1193.550049,1172.800049,1185,3357065
26/04/2024,1209.323608,1278.75,1347,1241,1250,20431926
29/04/2024,1218.355225,1288.300049,1311,1285,1290,4120529
30/04/2024,1194.901611,1263.5,1291.099976,1260.050049,1288.300049,2613213
02/05/2024,1198.117065,1266.900024,1274.349976,1253.5,1263.199951,2124221
03/05/2024,1182.560059,1250.449951,1272,1243.050049,1270,2322455
06/05/2024,1193.719482,1262.25,1265.699951,1245.099976,1258,1363667
07/05/2024,1222.279785,1292.449951,1294.800049,1256.900024,1268,2350444
08/05/2024,1217.125732,1287,1300,1280.349976,1294,1332284
09/05/2024,1200.19751,1269.099976,1285.900024,1261.400024,1282,2420777
10/05/2024,1195.752808,1264.400024,1273.199951,1248.25,1266,1322206
13/05/2024,1193.530518,1262.050049,1266.349976,1250.050049,1264.400024,593453
14/05/2024,1206.250122,1275.5,1284,1254.099976,1263.949951,1386032
15/05/2024,1205.304443,1274.5,1282.949951,1265,1275,1008105
16/05/2024,1236.938232,1307.949951,1312.599976,1281.300049,1287,4868225
17/05/2024,1234.526855,1305.400024,1320,1297.800049,1309.099976,1925387
21/05/2024,1252.022339,1323.900024,1327,1304.099976,1307,1453689
22/05/2024,1258.169556,1330.400024,1335.400024,1311.050049,1330,1411627
23/05/2024,1264.884033,1337.5,1343.949951,1325.099976,1336,1440740
24/05/2024,1249.989136,1321.75,1345,1318,1337.5,1288301
27/05/2024,1257.507446,1329.699951,1342.800049,1318.25,1323,980450
28/05/2024,1243.700073,1315.099976,1330.349976,1311.300049,1329,1608944
29/05/2024,1216.605469,1286.449951,1314,1284.099976,1314,1405567
30/05/2024,1173.481323,1240.849976,1287.75,1235.349976,1280.050049,2610479
31/05/2024,1161.754639,1228.449951,1255.25,1224.050049,1245.949951,4649449
03/06/2024,1177.736938,1245.349976,1261.800049,1236.550049,1255,1091287
04/06/2024,1172.015503,1239.300049,1253.699951,1193.650024,1245.349976,2471911
05/06/2024,1198.117065,1266.900024,1284.949951,1236.75,1260,2709585
06/06/2024,1245.922607,1317.449951,1323.599976,1274.199951,1285,3205121
07/06/2024,1302.806885,1377.599976,1381,1327,1330,5790599
10/06/2024,1267.579224,1340.349976,1378,1335.150024,1377.599976,2532308
11/06/2024,1276.185303,1349.449951,1359.849976,1341.150024,1348.900024,1465705
12/06/2024,1296.18689,1370.599976,1381,1357.150024,1364.800049,2786009
13/06/2024,1313.540527,1388.949951,1396.849976,1375.349976,1380,1953367
14/06/2024,1296.990723,1371.449951,1395.75,1364.099976,1395,1733356
18/06/2024,1296.89624,1371.349976,1391.449951,1370.150024,1380.449951,950760
19/06/2024,1306.164185,1381.150024,1386.949951,1361,1377,1313197
20/06/2024,1317.465332,1393.099976,1399,1371.449951,1386,1987190
21/06/2024,1323.801636,1399.800049,1440.300049,1386.050049,1408,6836535
24/06/2024,1325.598389,1401.699951,1409,1381,1390,1111433
25/06/2024,1350.234009,1427.75,1432,1394.75,1398.800049,2201375
26/06/2024,1336.332275,1413.050049,1434.800049,1410,1432.800049,1565878
27/06/2024,1354.489746,1432.25,1443.800049,1392,1404.349976,4286657
28/06/2024,1352.692871,1430.349976,1453,1426.650024,1441,2222285
01/07/2024,1392.176147,1472.099976,1478.5,1424.150024,1430.349976,3837301
02/07/2024,1392.223511,1472.150024,1498,1470,1480,2092643
03/07/2024,1399.458252,1479.800049,1485,1461,1479.949951,896602
04/07/2024,1379.929443,1459.150024,1492,1453.300049,1482,1322999
05/07/2024,1382.009888,1461.349976,1470,1449.949951,1467,1334838
08/07/2024,1387.920532,1467.599976,1478.949951,1460.150024,1461.349976,807698
09/07/2024,1386.170898,1465.75,1469.400024,1455,1466,1049695
10/07/2024,1383.901245,1463.349976,1472.800049,1441.5,1472.099976,802718
11/07/2024,1381.300659,1460.599976,1476,1441.25,1476,1408434
12/07/2024,1423.337402,1505.050049,1511.800049,1461.050049,1475,4372156
15/07/2024,1417.663208,1499.050049,1527.5,1492,1520.099976,2374623
16/07/2024,1433.881836,1516.199951,1519,1489.099976,1503.349976,1794159
18/07/2024,1455.775024,1539.349976,1545.699951,1505,1507,2752497
19/07/2024,1436.558716,1491.400024,1539.949951,1486.5,1538,2504915
22/07/2024,1440.556152,1495.550049,1505.849976,1476.099976,1479.949951,2225781
23/07/2024,1438.485107,1493.400024,1502.699951,1460,1491,1640492
24/07/2024,1476.917969,1533.300049,1540,1473.400024,1493.400024,2561617
25/07/2024,1473.73938,1530,1547.550049,1504.900024,1525,3283912
26/07/2024,1484.47937,1541.150024,1544.650024,1444.25,1530,7133745
29/07/2024,1469.260254,1525.349976,1554.699951,1510.050049,1545.650024,1755979
30/07/2024,1481.493408,1538.050049,1551.949951,1520,1520,1622543
31/07/2024,1497.242065,1554.400024,1561.75,1535,1538,2398955
01/08/2024,1487.657959,1544.449951,1569,1537.599976,1554.400024,1315921
02/08/2024,1452.259399,1507.699951,1533.550049,1502.300049,1525.5,2894949
05/08/2024,1402.797485,1456.349976,1484.25,1426.75,1470,2186582
06/08/2024,1428.852905,1483.400024,1503,1465.5,1465.5,1665788
07/08/2024,1419.461426,1473.650024,1515.25,1471,1500.800049,3002937
08/08/2024,1412.526001,1466.449951,1488.150024,1462,1470,2333194
09/08/2024,1451.296021,1506.699951,1509.25,1480.550049,1484.949951,1521252
12/08/2024,1456.882813,1512.5,1524.5,1489.400024,1506.699951,1809860
13/08/2024,1448.117432,1503.400024,1523.650024,1495.150024,1508.300049,580901
14/08/2024,1468.345215,1524.400024,1529.449951,1505,1512,2833790
16/08/2024,1527.005859,1585.300049,1589,1531.300049,1558.400024,3224481
19/08/2024,1536.012085,1594.650024,1602.699951,1575.849976,1587.849976,1640507
20/08/2024,1568.713623,1628.599976,1633.650024,1595.25,1601,2442281
21/08/2024,1545.644287,1604.650024,1628,1602,1616,1935929
22/08/2024,1552.001587,1611.25,1620.650024,1596,1605.050049,1562554
23/08/2024,1539.624023,1598.400024,1616.949951,1593.050049,1613.050049,1020913
26/08/2024,1579.838867,1640.150024,1643,1609,1610,1510157
27/08/2024,1564.860596,1624.599976,1645,1622.099976,1644,1083351
28/08/2024,1567.509521,1627.349976,1665,1616.199951,1620,3033590
29/08/2024,1586.77417,1647.349976,1656.25,1620.050049,1620.050049,2194339
30/08/2024,1576.32312,1636.5,1663.75,1631.099976,1647,1926984
02/09/2024,1586.099854,1646.650024,1662,1635.550049,1636.5,1582818
03/09/2024,1583.643555,1644.099976,1659.25,1632.099976,1639,1739553
04/09/2024,1584.799561,1645.300049,1650,1608.900024,1619.75,1643875
05/09/2024,1579.212891,1639.5,1657.900024,1632.900024,1653,1080904
06/09/2024,1563.560303,1623.25,1651.199951,1613.949951,1639.5,1672937
09/09/2024,1521.130005,1579.199951,1631.300049,1574.75,1623.199951,2965098
10/09/2024,1548.293091,1607.400024,1613.699951,1578.5,1592,2541973
11/09/2024,1543.669556,1602.599976,1627,1598.099976,1612,1395340
12/09/2024,1582.824829,1643.25,1649.599976,1606,1619.900024,2356422
13/09/2024,1595.154297,1656.050049,1659.900024,1638,1649.900024,1373924
16/09/2024,1588.363525,1649,1670,1646.5,1651.099976,1060407
17/09/2024,1590.819824,1651.550049,1672,1641.099976,1649,1499644
18/09/2024,1546.366699,1605.400024,1648.150024,1589,1648.150024,2930297
19/09/2024,1536.686157,1595.349976,1635.349976,1587.050049,1620,3032379
20/09/2024,1562.404541,1622.050049,1629.300049,1582.400024,1608,3984683
23/09/2024,1548.05249,1607.150024,1631,1594.5,1624.949951,1535902
24/09/2024,1576.901001,1637.099976,1643.5,1598.099976,1601.550049,1781972
25/09/2024,1543.814209,1602.75,1643.099976,1590.050049,1637.099976,2505756
26/09/2024,1547.859741,1606.949951,1619.849976,1596,1610,2173853
27/09/2024,1550.075073,1609.25,1664.800049,1604.550049,1625,3539822
30/09/2024,1519.203613,1577.199951,1606,1567.849976,1606,3460691
01/10/2024,1565.631348,1625.400024,1642.900024,1580,1580,5176596
03/10/2024,1545.066406,1604.050049,1631.150024,1596.150024,1615,2332279
04/10/2024,1557.010376,1616.449951,1648.400024,1591,1591,2927576
07/10/2024,1559.033203,1618.550049,1632.050049,1600.199951,1624.949951,1619326
08/10/2024,1569.195068,1629.099976,1635,1603.599976,1625,1311331
09/10/2024,1597.803101,1658.800049,1669.800049,1632.050049,1639,2177241
10/10/2024,1560.140747,1619.699951,1675.949951,1611.349976,1673,1518162
11/10/2024,1586.485229,1647.050049,1650,1603,1603,1019027
14/10/2024,1630.264038,1692.5,1697,1648,1648,2070051
15/10/2024,1613.744385,1675.349976,1703.449951,1663.5,1700,2503380
16/10/2024,1599.248047,1660.300049,1677.449951,1652.800049,1670,1070524
17/10/2024,1636.524902,1699,1709.900024,1656,1660.699951,3771316
18/10/2024,1625.83313,1687.900024,1702.400024,1645.599976,1695,3119646
21/10/2024,1638.643921,1701.199951,1761.849976,1690.050049,1745,5898020
22/10/2024,1634.165039,1696.550049,1726.949951,1691.449951,1703.400024,2484594
23/10/2024,1672.116089,1735.949951,1749,1685.599976,1696.550049,4198781
24/10/2024,1671.923462,1735.75,1748,1728.050049,1735.050049,1570443
25/10/2024,1653.33313,1716.449951,1742.400024,1710.349976,1735.75,1743714
28/10/2024,1639.944458,1702.550049,1727.949951,1693.199951,1710,1271473
29/10/2024,1636.043213,1698.5,1724.099976,1680.349976,1709,1499121
30/10/2024,1622.991577,1684.949951,1712.150024,1682.25,1704.099976,1305424
31/10/2024,1563.415161,1608.650024,1669.800049,1595.550049,1666.599976,3638913
01/11/2024,1558.555908,1603.650024,1619,1598.800049,1619,249236
04/11/2024,1592.328735,1638.400024,1640.25,1608.050049,1614,2746587
05/11/2024,1586.740356,1632.650024,1654,1623.800049,1638.300049,1376651
06/11/2024,1645.927979,1693.550049,1697.75,1635,1649.949951,3164061
07/11/2024,1604.574341,1651,1715.5,1644.349976,1695,1285140
08/11/2024,1634.070923,1681.349976,1686.449951,1650.050049,1660,1883257
11/11/2024,1656.229858,1704.150024,1715.449951,1666.050049,1672.800049,1587351
12/11/2024,1639.562134,1687,1710.5,1684,1710,1414446
13/11/2024,1628.482544,1675.599976,1689,1663.650024,1680,1063556
14/11/2024,1640.047974,1687.5,1692,1663,1663,1919974
18/11/2024,1614.098877,1660.800049,1688,1633.25,1684.75,1617013
19/11/2024,1651.856323,1699.650024,1724.400024,1664.099976,1664.900024,1982317
21/11/2024,1654.383179,1702.25,1725,1684.800049,1712,2212146
22/11/2024,1698.312134,1747.449951,1749.849976,1702.25,1714.75,2344087
25/11/2024,1683.879761,1732.599976,1767.800049,1727.849976,1760,3913302
26/11/2024,1696.319824,1745.400024,1762,1731.050049,1732.599976,1291712
27/11/2024,1707.399414,1756.800049,1767,1735.550049,1741,2088228
28/11/2024,1665.171021,1713.349976,1760,1706.800049,1757,1787990
29/11/2024,1664.150635,1712.300049,1730,1700.5,1708,1556942
02/12/2024,1696.85437,1745.949951,1748,1705.900024,1710,1370756
03/12/2024,1700.304565,1749.5,1761,1737.599976,1760,1824151
04/12/2024,1710.120483,1759.599976,1774.599976,1740.599976,1742.099976,1811165
05/12/2024,1736.701416,1786.949951,1793.949951,1755.099976,1759.599976,2762694
06/12/2024,1732.668213,1782.800049,1797,1775.599976,1797,1180840
09/12/2024,1727.857422,1777.849976,1800.75,1771.199951,1779.099976,1069659
10/12/2024,1713.959595,1763.550049,1777,1753.300049,1766.199951,1625591
11/12/2024,1713.230591,1762.800049,1769.75,1750.050049,1765,1285654
12/12/2024,1739.276855,1789.599976,1807.699951,1761.050049,1768.050049,3018243
13/12/2024,1745.885742,1796.400024,1804.599976,1761,1781,1503188
16/12/2024,1725.62207,1775.550049,1793.5,1766,1793.5,1075193
17/12/2024,1720.956909,1770.75,1789.150024,1761,1777.449951,1160899
18/12/2024,1728.87793,1778.900024,1787.949951,1760.550049,1762.050049,1337600
19/12/2024,1705.018188,1754.349976,1768.900024,1735,1739.949951,2402819
20/12/2024,1638.638794,1686.050049,1770.849976,1680.099976,1770,2921154
23/12/2024,1664.247803,1712.400024,1725,1685.849976,1690.900024,1301223
24/12/2024,1656.95874,1704.900024,1725.349976,1695.699951,1717.599976,711026
26/12/2024,1650.932983,1698.699951,1714.650024,1690.650024,1707.099976,659638
27/12/2024,1663.518921,1711.650024,1716.5,1698.699951,1704.949951,647945
30/12/2024,1691.897827,1740.849976,1773.599976,1693.800049,1715,6781500
31/12/2024,1658.222168,1706.199951,1729,1682.449951,1729,1459630
01/01/2025,1655.93811,1703.849976,1717.599976,1691.25,1700.599976,721479
02/01/2025,1678.38855,1726.949951,1735.699951,1696,1709,1238954
03/01/2025,1641.943115,1689.449951,1729.849976,1681.349976,1712.199951,2448088
06/01/2025,1638.881714,1686.300049,1711.300049,1675,1704.75,945693
07/01/2025,1624.157715,1671.150024,1705,1661.5,1693,1305847
08/01/2025,1616.96582,1663.75,1669.949951,1634,1667.949951,673344
09/01/2025,1596.60498,1642.800049,1669.5,1638.199951,1663.699951,774065
10/01/2025,1657.639038,1705.599976,1714,1636.300049,1653.099976,2208899
13/01/2025,1612.981079,1659.650024,1701,1649.900024,1698.050049,1401093
14/01/2025,1601.172852,1647.5,1670.449951,1621.300049,1669.900024,2480288
15/01/2025,1628.822754,1675.949951,1679,1650.150024,1658,1079742
16/01/2025,1640.193726,1687.650024,1722.849976,1670.949951,1695,2334315
17/01/2025,1613.612915,1660.300049,1699.900024,1650.400024,1684.75,2502285
20/01/2025,1627.51062,1674.599976,1687.150024,1625,1663,4856268
21/01/2025,1594.369629,1640.5,1703.550049,1636.099976,1674.599976,2500061
22/01/2025,1636.597656,1683.949951,1688.75,1635.25,1642.699951,2478559
23/01/2025,1665.219727,1713.400024,1729.5,1671,1671,2255334
24/01/2025,1674.598267,1723.050049,1736.400024,1705.349976,1719,1257165
27/01/2025,1607.392822,1653.900024,1713.900024,1645,1710,1174799
28/01/2025,1601.998779,1648.349976,1664.650024,1638,1655.949951,1820874
29/01/2025,1633.876587,1681.150024,1685,1654.050049,1663.949951,1146508
30/01/2025,1623.137207,1670.099976,1704.900024,1657,1685,868832
31/01/2025,1627.364868,1674.449951,1695,1665.25,1675,1065425
01/02/2025,1600.10376,1646.400024,1685.900024,1636.699951,1674.5,410470
03/02/2025,1608.170166,1654.699951,1664.050049,1605.150024,1630,1415698
04/02/2025,1612.398071,1659.050049,1676.949951,1645.050049,1662.75,1467006
05/02/2025,1614.293213,1661,1671,1644.400024,1662.849976,1449280
06/02/2025,1622.651367,1669.599976,1684.699951,1650,1670,1288106
07/02/2025,1644.518677,1692.099976,1695.599976,1657.900024,1675,1582031
10/02/2025,1651.273315,1699.050049,1703.75,1673.199951,1683,1235699
11/02/2025,1622.165405,1669.099976,1709,1663.199951,1706,1800036
12/02/2025,1632.953247,1680.199951,1690,1668.800049,1680,1889477
13/02/2025,1628.191162,1675.300049,1689.449951,1640.550049,1675,1555491
14/02/2025,1612.446533,1659.099976,1694,1652.050049,1685,961944
17/02/2025,1618.131958,1664.949951,1667.949951,1631,1655.900024,1114005
18/02/2025,1657.055908,1705,1708.949951,1664.050049,1668,2654136
19/02/2025,1638.395752,1685.800049,1712.400024,1675.050049,1694.050049,1113961
20/02/2025,1611.231689,1657.849976,1693.650024,1655,1680,1485087
21/02/2025,1603.116577,1649.5,1664.949951,1642.199951,1657.75,1479239
24/02/2025,1568.323242,1613.699951,1643.949951,1604.25,1630,1672609
25/02/2025,1549.12854,1593.949951,1614,1589,1608.050049,1425126
27/02/2025,1543.588867,1588.25,1595.699951,1569.900024,1575,2208643
28/02/2025,1446.011963,1487.849976,1572.900024,1478.400024,1570,4155992
03/03/2025,1451.065918,1493.050049,1531.5,1476.199951,1500,2851006
04/03/2025,1446.400879,1488.25,1499.449951,1433.050049,1475,2386196
05/03/2025,1494.848999,1538.099976,1549,1487.5,1488.25,1967418
06/03/2025,1461.17334,1503.449951,1550.800049,1500.949951,1541,2246380
07/03/2025,1450.385498,1492.349976,1507.199951,1482,1501.949951,893696
10/03/2025,1445.040161,1486.849976,1500,1482.5,1492.349976,798491
11/03/2025,1437.605347,1479.199951,1487.400024,1453.599976,1464.5,1769157
12/03/2025,1397.855469,1438.300049,1489,1408.800049,1481,2665932
13/03/2025,1400.139404,1440.650024,1456.25,1422,1442,995812
17/03/2025,1399.604858,1440.099976,1448,1425.199951,1442.949951,1747569
18/03/2025,1399.604858,1440.099976,1440.099976,1440.099976,1440.099976,0
19/03/2025,1356.890625,1396.150024,1431.800049,1394.400024,1430.650024,5557840
20/03/2025,1370.885742,1410.550049,1421,1400.050049,1403.150024,2863413
21/03/2025,1369.622192,1409.25,1431.099976,1382.050049,1390.050049,4056023
24/03/2025,1417.633179,1458.650024,1467.650024,1413.599976,1415.849976,3072831
25/03/2025,1414.571777,1455.5,1483.900024,1449.449951,1474,2056315
26/03/2025,1376.474121,1416.300049,1464,1409.5,1464,2231144
27/03/2025,1383.860352,1423.900024,1430,1406,1407.150024,2541022
28/03/2025,1378.369141,1418.25,1430,1408.550049,1415.099976,1642693
01/04/2025,1355.918701,1395.150024,1416.949951,1385.400024,1402,1578367
02/04/2025,1383.034302,1423.050049,1426.050049,1397.150024,1397.150024,1617949
03/04/2025,1330.844238,1369.349976,1400,1360.25,1397,1943422
04/04/2025,1283.805176,1320.949951,1359.199951,1318.849976,1350,1757493
07/04/2025,1251.78186,1288,1293.800049,1209.400024,1245,3044730
08/04/2025,1277.439453,1314.400024,1342.050049,1291.150024,1314,2868814
09/04/2025,1236.960571,1272.75,1299.949951,1264.349976,1290,3724878
11/04/2025,1246.193481,1282.25,1312.349976,1274.199951,1275,1803181
15/04/2025,1265.096558,1301.699951,1314.199951,1286.800049,1314.199951,1511866
16/04/2025,1271.899658,1308.699951,1314.599976,1283.5,1292,1093342
17/04/2025,1270.053223,1306.800049,1308.900024,1275.900024,1295.099976,3027966
21/04/2025,1334.877563,1373.5,1389,1303,1304,3759267
22/04/2025,1337.793213,1376.5,1396,1361.199951,1374,2471135
23/04/2025,1399.118774,1439.599976,1449.400024,1408,1418.900024,5944062
24/04/2025,1404.561401,1445.199951,1467.5,1434.300049,1445,2501415
25/04/2025,1420.889038,1462,1473.900024,1375,1455.400024,8211667
28/04/2025,1420.402954,1461.5,1480,1437,1469.300049,2079431
29/04/2025,1453.252563,1495.300049,1504.900024,1463.300049,1466.199951,2652788
30/04/2025,1460.735962,1503,1510.800049,1490,1495.300049,1858465
02/05/2025,1452.086304,1494.099976,1519,1489.800049,1505,1582577
05/05/2025,1452.572266,1494.599976,1506.5,1490.5,1499,846022
06/05/2025,1454.127319,1496.199951,1504.800049,1486.099976,1496.900024,1545773
07/05/2025,1453.155396,1495.199951,1504.900024,1480.599976,1489.099976,1272555
08/05/2025,1460.541626,1502.800049,1518.5,1488,1500.900024,2829448
09/05/2025,1451.69751,1493.699951,1501.300049,1478.099976,1480,923174
12/05/2025,1528.864868,1573.099976,1576.5,1517.400024,1522,1891418
13/05/2025,1528.281738,1572.5,1600.900024,1565.099976,1600.300049,3724272
14/05/2025,1558.118408,1603.199951,1609.400024,1578.099976,1584,2354571
15/05/2025,1583.290039,1629.099976,1636.400024,1600.199951,1606,2972408
16/05/2025,1571.530518,1617,1635.900024,1601.300049,1635,1159095
19/05/2025,1552.870361,1597.800049,1626.199951,1593.099976,1617,681874
20/05/2025,1531.68335,1576,1619.5,1573.300049,1612,1869716
21/05/2025,1553.259033,1598.199951,1603,1569.400024,1577,930031
22/05/2025,1521.575806,1565.599976,1589.699951,1558,1589.699951,1789310
23/05/2025,1535.862427,1580.300049,1604,1567.800049,1575,1159290
26/05/2025,1556.369141,1601.400024,1604.400024,1583,1583,711029
27/05/2025,1547.622192,1592.400024,1604.300049,1578.5,1601.400024,1394001
28/05/2025,1535.862427,1580.300049,1602,1578.099976,1600.800049,820958
29/05/2025,1555.008545,1600,1604.900024,1584.5,1592.099976,1799251
30/05/2025,1529.642334,1573.900024,1595,1568,1595,2780942
02/06/2025,1505.539673,1549.099976,1569,1542.099976,1565,2120693
03/06/2025,1500.388794,1543.800049,1564.900024,1533.900024,1555.900024,2316285
04/06/2025,1512.926025,1556.699951,1566.599976,1544,1544.800049,1439090
05/06/2025,1518.854492,1562.800049,1570.300049,1547,1560,1529586
06/06/2025,1526.921143,1571.099976,1573.5,1555.400024,1564.800049,828051
09/06/2025,1534.696167,1579.099976,1591.5,1571.099976,1575,598108
10/06/2025,1565.601929,1610.900024,1633.5,1579,1579.099976,3324373
11/06/2025,1591.453857,1637.5,1649,1604.599976,1618,2660949
12/06/2025,1598.160034,1644.400024,1658,1611.900024,1636,2316173
13/06/2025,1612.349365,1659,1669,1604.599976,1605,2511076
16/06/2025,1646.268066,1693.900024,1706,1651.199951,1658,2160406
17/06/2025,1670.273438,1718.599976,1725,1684.199951,1692.400024,2105126
18/06/2025,1662.595581,1710.699951,1732.800049,1708.400024,1717.099976,1299278
19/06/2025,1636.646362,1684,1694,1660.699951,1684,3056884
20/06/2025,1648.406128,1696.099976,1708.5,1669.199951,1680,3425550
23/06/2025,1634.508301,1681.800049,1692,1675.699951,1680,732380
24/06/2025,1629.94043,1677.099976,1708.5,1674.699951,1698.800049,1923989
25/06/2025,1657.055908,1705,1714,1675.800049,1689.800049,1416375
26/06/2025,1642.671997,1690.199951,1703.5,1670.300049,1695,2528268
27/06/2025,1627.316406,1674.400024,1701.800049,1662.599976,1698,6183785
30/06/2025,1639.562134,1687,1689.5,1660,1680.599976,1546996
01/07/2025,1624.206299,1671.199951,1697.400024,1669.300049,1690,1689051
02/07/2025,1629.94043,1677.099976,1699,1667.5,1675,1931642
03/07/2025,1624.886597,1671.900024,1693,1670,1684.900024,1713273
04/07/2025,1638.048828,1655.199951,1663.900024,1640.5,1645,1310544
07/07/2025,1607.073242,1623.900024,1647.900024,1615.5,1647.900024,1550115
08/07/2025,1618.454102,1635.400024,1643.800049,1619,1623,1318755
09/07/2025,1598.067505,1614.800049,1636.400024,1612,1634.800049,1173847
10/07/2025,1583.519775,1600.099976,1617.400024,1590.099976,1614.800049,1631315
11/07/2025,1585.894897,1602.5,1607,1577.800049,1580,2559235
14/07/2025,1560.362183,1576.699951,1598,1564.099976,1598,2068336
15/07/2025,1562.638428,1579,1594.900024,1553,1554.599976,2574760
16/07/2025,1591.239014,1607.900024,1611,1577.300049,1580,2207039
17/07/2025,1547.496948,1563.699951,1603.900024,1560.900024,1583.400024,7617296
18/07/2025,1532.850342,1548.900024,1574,1538,1573,3619191
21/07/2025,1527.803223,1543.800049,1553.400024,1531.300049,1551,988104
22/07/2025,1531.167969,1547.199951,1552.800049,1541.199951,1550,1404790
23/07/2025,1530.574097,1546.599976,1552.900024,1534.5,1551,2887100
24/07/2025,1483.071533,1498.599976,1554,1495.5,1554,2207437
25/07/2025,1446.751831,1461.900024,1501.300049,1455.699951,1490.099976,1179664
28/07/2025,1435.568848,1450.599976,1466,1445.099976,1462,1070496
29/07/2025,1438.73584,1453.800049,1459.099976,1436.400024,1450.599976,1458817
30/07/2025,1448.03833,1463.199951,1466.099976,1448.599976,1451.300049,1299448
31/07/2025,1448.533081,1463.699951,1473.300049,1447.199951,1450,1382994
01/08/2025,1423.891235,1438.800049,1459.800049,1432.400024,1456.599976,1620011
04/08/2025,1459.716064,1475,1477,1419.099976,1435,1581473
05/08/2025,1470.008301,1485.400024,1487.800049,1461.199951,1470.099976,2929677
06/08/2025,1443.881836,1459,1481.5,1453.300049,1480.099976,1039973
07/08/2025,1466.643555,1482,1492,1450,1455,1587489
08/08/2025,1465.060181,1480.400024,1496,1473.800049,1473.800049,1371665
11/08/2025,1465.752808,1481.099976,1522.699951,1469.699951,1480.400024,888886
12/08/2025,1493.660767,1509.300049,1517.400024,1481,1482.599976,2532937
13/08/2025,1490.691772,1506.300049,1518.699951,1499.300049,1515,1815196
14/08/2025,1471.2948,1486.699951,1529.900024,1485,1509.900024,1715172
18/08/2025,1455.955444,1471.199951,1500,1468.099976,1500,1249405
19/08/2025,1481.191162,1496.699951,1499.599976,1464.400024,1472,1807647
20/08/2025,1508.307251,1524.099976,1532,1487.400024,1488,2329633
21/08/2025,1505.536377,1521.300049,1531.699951,1509.099976,1528,1251760
22/08/2025,1489.405273,1505,1529.599976,1499,1529.599976,969599
25/08/2025,1511.276245,1527.099976,1539.699951,1505,1516,1386218
26/08/2025,1486.634155,1502.199951,1526.5,1498.900024,1521,1510822
28/08/2025,1480.102661,1495.599976,1509.199951,1482.599976,1500,1771867
29/08/2025,1466.049805,1481.400024,1504.699951,1478.699951,1498.800049,2279980
01/09/2025,1489.900024,1505.5,1509.900024,1485,1485,1241192
02/09/2025,1497.124512,1512.800049,1519.900024,1498.599976,1502,1137022
03/09/2025,1492.572021,1508.199951,1516.099976,1497.300049,1512.800049,1431929
04/09/2025,1484.852905,1500.400024,1510.800049,1495.300049,1506.099976,1038934
05/09/2025,1462.58606,1477.900024,1507.400024,1462.099976,1499,1875965
08/09/2025,1445.564209,1460.699951,1487.900024,1459,1482.400024,1308412
09/09/2025,1482.675659,1498.199951,1500,1465.699951,1466.599976,1749566
10/09/2025,1510.187622,1526,1536,1501.800049,1503,1660976
11/09/2025,1505.437378,1521.199951,1531.5,1505.699951,1526,896908
12/09/2025,1509.692871,1525.5,1530,1512.5,1529,770698
15/09/2025,1504.05188,1519.800049,1527.900024,1505.599976,1527.900024,825515
16/09/2025,1515.630615,1531.5,1534,1510,1522.900024,1011289
17/09/2025,1531.167969,1547.199951,1549.400024,1525.599976,1538.300049,1946337
18/09/2025,1534.631592,1550.699951,1566.900024,1541.800049,1556,2246114
19/09/2025,1537.699585,1553.800049,1557.400024,1541.599976,1551,2621234
22/09/2025,1489.801147,1505.400024,1510,1453.300049,1499,5723501
23/09/2025,1456.648193,1471.900024,1511.699951,1468.199951,1511.699951,1380054
24/09/2025,1437.350342,1452.400024,1470,1439,1470,2122106
25/09/2025,1429.334229,1444.300049,1460.199951,1437,1452,1581629
26/09/2025,1393.113403,1407.699951,1441.5,1403.5,1439.900024,1851067
29/09/2025,1396.082275,1410.699951,1425,1391.900024,1415,2708118
30/09/2025,1385.790161,1400.300049,1426.699951,1392.5,1408,2225340
01/10/2025,1401.327393,1416,1423.599976,1393.400024,1401,1683484
03/10/2025,1386.087036,1400.599976,1423.800049,1397.300049,1423,2568702
06/10/2025,1424.386108,1439.300049,1442,1397.099976,1404.900024,3036770
07/10/2025,1423.990234,1438.900024,1445.800049,1426.599976,1440,1105550
08/10/2025,1443.090088,1458.199951,1472.800049,1432.099976,1432.099976,1154614
09/10/2025,1451.403076,1466.599976,1475.400024,1452,1458.199951,1354036
10/10/2025,1442.100464,1457.199951,1477.699951,1450.099976,1477,937053
13/10/2025,1435.865845,1450.900024,1461.5,1439.199951,1455,1229414
14/10/2025,1452.788574,1468,1479.800049,1457.900024,1460,1430713
15/10/2025,1443.881836,1459,1479,1440.400024,1470,2810322
16/10/2025,1448.632202,1463.800049,1466.699951,1447.900024,1466,1619438
17/10/2025,1432.599976,1447.599976,1465,1440.099976,1465,1433539
20/10/2025,1444.400024,1444.400024,1455,1439,1440,1800507
21/10/2025,1448.699951,1448.699951,1457.300049,1442,1450,114229
23/10/2025,1463.400024,1463.400024,1487.5,1460.900024,1465,3244860
24/10/2025,1453.699951,1453.699951,1468,1450,1465.400024,969361
27/10/2025,1462.800049,1462.800049,1475.599976,1457,1457.900024,1036807
28/10/2025,1447.400024,1447.400024,1469.599976,1435.300049,1469,1432913
29/10/2025,1452.199951,1452.199951,1461.199951,1442.599976,1453,1311858
30/10/2025,1433.800049,1433.800049,1458.099976,1432.5,1453.199951,1797868
31/10/2025,1424.400024,1424.400024,1437.5,1420.300049,1433.800049,1757591
03/11/2025,1419.800049,1419.800049,1424,1414,1419.099976,2136091
04/11/2025,1409.199951,1409.199951,1425.300049,1405.599976,1419.900024,1191278
05/11/2025,1409.199951,1409.199951,1409.199951,1409.199951,1409.199951,0
06/11/2025,1413.599976,1413.599976,1420.900024,1410,1412,2502412
07/11/2025,1386.699951,1386.699951,1409.800049,1385,1400.099976,1209479
10/11/2025,1397.800049,1397.800049,1404.300049,1383.599976,1386.699951,2883323
11/11/2025,1408,1408,1410.400024,1392.199951,1405,2488036
12/11/2025,1456.099976,1456.099976,1460.199951,1414,1415,2958869
13/11/2025,1451.400024,1451.400024,1463.800049,1442.300049,1463,1178211
14/11/2025,1439.199951,1439.199951,1445.800049,1422.900024,1444.199951,1220596
17/11/2025,1452.800049,1452.800049,1455.900024,1438.300049,1440,999416
18/11/2025,1422,1422,1451.099976,1419.5,1444,1553597
19/11/2025,1433.900024,1433.900024,1443.5,1417.800049,1427.5,5777445
20/11/2025,1456,1456,1464.699951,1430.699951,1445.300049,2818268
21/11/2025,1461.5,1461.5,1469,1440,1455,2615232
24/11/2025,1494.699951,1494.699951,1513.800049,1461.800049,1470,6808658
25/11/2025,1494.699951,1494.699951,1502,1483.5,1501.199951,1675981
26/11/2025,1520.400024,1520.400024,1522.699951,1496.199951,1498,1592891
27/11/2025,1509.800049,1509.800049,1532,1505,1523,1426194
28/11/2025,1517.300049,1517.300049,1525.300049,1503.699951,1515.800049,1247146
01/12/2025,1529.5,1529.5,1532,1509.699951,1515.300049,1527101
02/12/2025,1536.699951,1536.699951,1539,1520,1523.099976,1754978
03/12/2025,1541.699951,1541.699951,1550.800049,1530.300049,1537.900024,2142830
04/12/2025,1562.300049,1562.300049,1577.900024,1541.099976,1545.099976,2422663
05/12/2025,1570.800049,1570.800049,1583,1556.599976,1567.099976,2223397
08/12/2025,1591.800049,1591.800049,1595.699951,1572.699951,1581,2833786
09/12/2025,1561.599976,1561.599976,1586,1559,1579.099976,1533609
10/12/2025,1550.800049,1550.800049,1572.900024,1548.199951,1563,735586
11/12/2025,1568.199951,1568.199951,1572,1541,1550,1248064
12/12/2025,1578.400024,1578.400024,1580.5,1558.699951,1575,754479
15/12/2025,1575.400024,1575.400024,1588.699951,1567.699951,1571,784781
16/12/2025,1578.199951,1578.199951,1580.300049,1564.699951,1570,999338
17/12/2025,1579.400024,1579.400024,1586.199951,1570.300049,1578.199951,582251
18/12/2025,1605.599976,1605.599976,1608.800049,1574.599976,1581,1748780
19/12/2025,1612.5,1612.5,1624,1595,1611,1802793
22/12/2025,1646.699951,1646.699951,1649.800049,1612.800049,1615.900024,1466208
23/12/2025,1633,1633,1646.5,1628.800049,1646.5,1161166
24/12/2025,1631.5,1631.5,1636.599976,1615.300049,1630,955523
25/12/2025,1631.5,1631.5,1631.5,1631.5,1631.5,0
26/12/2025,1612.300049,1612.300049,1633.699951,1608,1630.5,461192
29/12/2025,1612.400024,1612.400024,1629.800049,1610.099976,1614,891096
30/12/2025,1604.599976,1604.599976,1616.199951,1599,1614.900024,1973547
31/12/2025,1590.900024,1590.900024,1614.800049,1588.300049,1614.800049,729913
01/01/2026,1607.699951,1607.699951,1613.5,1587.199951,1591,565878
02/01/2026,1612,1612,1619.099976,1601.900024,1611,637080
05/01/2026,1596.900024,1596.900024,1610.099976,1576.099976,1601.900024,907810
06/01/2026,1601.800049,1601.800049,1625.400024,1596.099976,1603.900024,570335
07/01/2026,1625.199951,1625.199951,1633.900024,1595.800049,1599,1309781
08/01/2026,1577.900024,1577.900024,1632.800049,1574.5,1625,1657201
09/01/2026,1582.199951,1582.199951,1606.400024,1578.099976,1583,1410053
12/01/2026,1586.099976,1586.099976,1594,1562.800049,1572.099976,652320
13/01/2026,1614.800049,1614.800049,1622.900024,1582,1582,2573438
14/01/2026,1588.5,1588.5,1613,1583.099976,1612.900024,1570385
16/01/2026,1670.5,1670.5,1680.699951,1600,1600,3733401
